ID,Longitud (m),Tiempo (s),g_calculado (m/s²),Planeta más probable,2do más probable
6950a996-f08a-4252-96ae-456ec10e95e7,0.81,0.63,4.08,Saturno,Tierra
da1b6d42-ce8e-49d8-87b3-acb5e80e0bff,1.79,0.5,14.32,Tierra,Saturno
0a9ef2ca-ee3c-46d2-909f-55edd4e8891c,1.14,0.51,8.77,Saturno,Tierra
43d64b08-8b95-4cbc-84eb-1299e330e3d4,1.81,0.43,19.58,Tierra,Saturno
ad6cfc97-0ad6-4032-aab1-6f0c35f3fc94,1.71,0.68,7.4,Saturno,Tierra
29664d41-46a8-47c5-ba92-7fa17c1cd088,0.85,0.59,4.88,Saturno,Tierra
960c7512-ca61-48fb-a2fe-f723bb18af47,1.22,0.51,9.38,Saturno,Tierra
a26d64d1-f220-451b-8aa8-1530210bfce3,2.17,0.53,15.45,Tierra,Saturno
3061c55f-deda-4e0c-9710-03d43e4248d7,2.45,0.66,11.25,Tierra,Saturno
cbb9c368-34f3-442b-a9d5-0a116a160d3b,0.89,0.46,8.41,Saturno,Tierra
ef92badb-d512-4119-821e-e521e29780a9,1.74,0.63,8.77,Saturno,Tierra
128862a7-af0d-4dec-b4a9-f72b6e8c1a5f,0.88,0.61,4.73,Saturno,Tierra
75116439-489e-4816-9357-d2d8644661fe,1.32,0.63,6.65,Saturno,Tierra
f4a4886b-5199-4e56-809e-0b4dab5b494d,1.31,0.63,6.6,Saturno,Tierra
f17fb8e2-baa7-43e9-92e7-29583e49b83e,1.52,0.64,7.42,Saturno,Tierra
2e0f3899-a4c6-44ea-872a-b83744f2a33f,2.37,0.57,14.59,Tierra,Saturno
8f196566-defd-4428-a4b2-707cb3b100a8,1.37,0.56,8.74,Saturno,Tierra
a5cc306c-7f97-420b-a1bb-1f17ce23d328,0.88,0.7,3.59,Saturno,Tierra
9221433c-d4b5-4653-9b54-faa9d4e4aebc,1.51,0.7,6.16,Saturno,Tierra
a2db2f49-ac70-4cd7-99a5-349e515276c4,0.93,0.54,6.38,Saturno,Tierra
a7b9592c-9d0b-4d29-b995-b2fe56c2b1cb,0.84,0.65,3.98,Saturno,Tierra
b73540dd-13c8-4a06-8c2c-e26022e0b29f,1.74,0.63,8.77,Saturno,Tierra
eda560aa-1c8b-4d1b-865c-a69b06f84c03,2.31,0.67,10.29,Tierra,Saturno
06f68bcb-6e00-42fa-922f-c728158c682f,1.75,0.51,13.46,Tierra,Saturno
8b62cca8-25d7-4139-998e-10be58e045ca,2.03,0.49,16.91,Tierra,Saturno
3f7f75c0-3b9e-47de-a19e-f511c99450fd,2.12,0.7,8.65,Saturno,Tierra
1320f88f-5201-4a9f-870f-74b3a532905b,1.77,0.51,13.61,Tierra,Saturno
88fc8d6a-129e-4bc6-9ddb-708725d36231,0.88,0.55,5.82,Saturno,Tierra
60b0e7cf-7417-4229-b26b-5a48eb2cb1ac,2.18,0.63,10.99,Tierra,Saturno
c8c6c9be-c187-49ea-8284-78406c5ffabf,1.9,0.66,8.72,Saturno,Tierra
dc67fbee-5d7e-4187-b115-57c19d110fa5,1.5,0.55,9.92,Tierra,Saturno
9a698419-729d-44b8-9cd4-b1250a829102,1.43,0.45,14.12,Tierra,Saturno
b6b37210-38dc-41d0-9648-a7d4a9d7493e,1.88,0.61,10.1,Tierra,Saturno
9b2477c2-6581-443e-88d5-bba7d3879f1d,1.49,0.61,8.01,Saturno,Tierra
27e033c8-85e3-4a7f-8cec-e781f85da99c,1.21,0.56,7.72,Saturno,Tierra
cf929ae9-5447-454a-a415-b0974fe12bed,0.98,0.43,10.6,Tierra,Saturno
f8cc3b18-118e-4c97-b6f9-9d386c077b0e,1.39,0.53,9.9,Tierra,Saturno
81c7153c-2109-421a-8287-166ffd56a2e6,1.33,0.45,13.14,Tierra,Saturno
8d3310ed-0249-4bf4-9952-037f4b0cf5d8,2.22,0.56,14.16,Tierra,Saturno
58c4092f-96bd-4ed0-86eb-c83f04b36725,2.27,0.43,24.55,Tierra,Saturno
067a3cdb-31fc-483d-a73d-e72373074ad2,0.85,0.46,8.03,Saturno,Tierra
5a6ba8c8-b2cd-44d5-85c1-8e20e5df7741,1.64,0.57,10.1,Tierra,Saturno
06efed82-8f7f-444a-a551-affebf24d902,1.59,0.67,7.08,Saturno,Tierra
869a8988-6b3a-447e-9487-8d13a8fd5c0e,2.41,0.51,18.53,Tierra,Saturno
b068407a-2727-462e-b4cc-4871f2f72986,1.25,0.45,12.35,Tierra,Saturno
e0d2413c-6caf-41d7-ab91-6080166e7a5a,2.28,0.63,11.49,Tierra,Saturno
2988755d-ee5e-41d0-bf7d-51a0df88bfc3,0.92,0.55,6.08,Saturno,Tierra
4a185771-fb53-4aac-a896-eff237d0b4e9,0.84,0.42,9.52,Tierra,Saturno
50f688a8-d435-42d5-a8fd-015349489de8,1.66,0.63,8.36,Saturno,Tierra
f30eb8c5-a0eb-40b1-8b4e-dafcb09335cc,1.33,0.43,14.39,Tierra,Saturno
85f0f939-a341-43ed-bfa2-b7eaaf6b2f0c,1.85,0.64,9.03,Saturno,Tierra
f88c8745-cb12-4921-a811-083c3ab3e777,2.2,0.68,9.52,Tierra,Saturno
4615bf44-05c6-4f85-b14e-175505d5bfb3,1.18,0.7,4.82,Saturno,Tierra
21a1ff4c-f9d2-46a4-bdf7-d3a172ee35a6,0.89,0.64,4.35,Saturno,Tierra
94d18755-33c6-4cce-880d-4e19d531796e,1.32,0.63,6.65,Saturno,Tierra
03293312-fba3-4212-9759-03f22c476506,1.7,0.53,12.1,Tierra,Saturno
35f25472-aeaa-418d-980e-7240ebc930f3,1.99,0.7,8.12,Saturno,Tierra
b531d110-b8f5-47ed-8cd2-8deed170ef17,1.75,0.41,20.82,Tierra,Saturno
fae96c96-4497-4355-931f-535a02d68a64,1.3,0.41,15.47,Tierra,Saturno
04a7ce76-9cf0-4165-b55e-88dd211a0f54,1.7,0.69,7.14,Saturno,Tierra
3f1c59e2-0887-4a65-9b63-09ac302c2bb7,0.89,0.48,7.73,Saturno,Tierra
fbe2576a-886a-481b-98df-466a0aaa4f54,2.13,0.59,12.24,Tierra,Saturno
ad13788a-38d9-433b-9b6b-0be0aa1732f7,2.11,0.49,17.58,Tierra,Saturno
4abbc8f5-1b5d-4a8c-b143-e43e49f66129,1.79,0.47,16.21,Tierra,Saturno
3bfbee78-3767-4e45-8dfa-b736b223aaef,2.2,0.64,10.74,Tierra,Saturno
ee20e5e5-783b-48b8-8892-a666b91c1c8c,1.86,0.46,17.58,Tierra,Saturno
ee28a405-9036-4350-baa0-6a64997266d7,1.85,0.61,9.94,Tierra,Saturno
49925d8d-aae9-49ef-9eed-19e739aea1d8,2.09,0.59,12.01,Tierra,Saturno
52fd98a1-5b95-4b36-9355-ce5ebfc79d95,2.47,0.49,20.57,Tierra,Saturno
b3187d78-1a15-4bd7-8293-56205247a5d9,1.66,0.53,11.82,Tierra,Saturno
c103cb97-a241-441f-bae1-7639b56a2dec,1.71,0.66,7.85,Saturno,Tierra
2a06f0cc-be0a-43db-8950-e3ff7b7ba3b2,1.14,0.57,7.02,Saturno,Tierra
1a8bd989-c9f9-4177-84a6-a9eae58364ab,1.7,0.7,6.94,Saturno,Tierra
10436fb4-f9a4-4539-86f3-db93b531622d,0.96,0.52,7.1,Saturno,Tierra
7b0fc9b2-dc58-4815-ab2e-c07d47ccbcd8,2.18,0.64,10.64,Tierra,Saturno
1b6b3f7d-c425-4d82-bbd2-ff1de26d20e3,2.29,0.59,13.16,Tierra,Saturno
85217764-f945-4f1d-98c5-d7f1783c45b0,1.77,0.66,8.13,Saturno,Tierra
8f2b538e-f9ac-4c65-8ff2-802b19b84e7c,1.47,0.65,6.96,Saturno,Tierra
9a44ae3b-26ce-4b7b-ab1e-c996505d8144,1.52,0.43,16.44,Tierra,Saturno
5622ae4a-7511-43a3-8e84-09cdb815bcf0,1.15,0.53,8.19,Saturno,Tierra
29aaeab0-b112-423c-ba13-bc9043be6cc7,1.96,0.49,16.33,Tierra,Saturno
27642189-44ef-4c39-bf24-a14824eab3ff,1.68,0.47,15.21,Tierra,Saturno
9c4e4356-48d6-4675-be8f-d8371d4a161d,1.2,0.51,9.23,Saturno,Tierra
29459412-abfc-4ca5-af15-f73c77529afd,1.99,0.63,10.03,Tierra,Saturno
d123a732-0ab3-4bea-a444-b7c57c316f97,2.05,0.59,11.78,Tierra,Saturno
f2d71961-d560-4a96-983e-60a783ffdf86,1.68,0.64,8.2,Saturno,Tierra
de63a187-16e4-4a3f-a9a9-f9097cc262b6,1.36,0.55,8.99,Saturno,Tierra
cb073464-03df-41ab-af27-09ff87da5f70,1.43,0.59,8.22,Saturno,Tierra
f4d0f20f-6d47-4500-9ca8-1e979396b7bf,1.37,0.67,6.1,Saturno,Tierra
2d140994-2ca1-499c-a2e0-9a6c04c8f645,1.28,0.56,8.16,Saturno,Tierra
13cee83f-e05c-4259-9120-cbcaf3db5e87,2.33,0.45,23.01,Tierra,Saturno
049a51c0-eed1-4b98-a5ba-1e3450143113,2.06,0.61,11.07,Tierra,Saturno
3a96cace-6f70-4bfe-9c0c-f6b6b9a5fbd7,2.09,0.46,19.75,Tierra,Saturno
0eca9d39-656b-4ab8-9513-1fcddbed34c1,2.41,0.67,10.74,Tierra,Saturno
31868eaa-1f72-446b-9dc6-f00d37ee15ec,1.88,0.6,10.44,Tierra,Saturno
5a4ec0c7-9aff-4038-b823-a04ff456555d,1.84,0.46,17.39,Tierra,Saturno
0206da10-4c6f-4172-80a8-676aaa9c49e7,1.11,0.57,6.83,Saturno,Tierra
76152c88-4820-49a8-91fc-d7600bed8562,1.89,0.45,18.67,Tierra,Saturno
02687ac0-853c-4350-bd45-9cca7c83c677,2.13,0.68,9.21,Saturno,Tierra
1d84ce32-29bc-4723-9e36-ba030ac40499,1.15,0.56,7.33,Saturno,Tierra
6378b3a2-a702-4c02-9f25-c514ad55e930,0.81,0.46,7.66,Saturno,Tierra
861d9066-9e7f-47b4-9580-90c9d6d25e83,1.57,0.44,16.22,Tierra,Saturno
aab7796b-2d6f-4bae-8d3b-6817c2c0e383,1.14,0.48,9.9,Tierra,Saturno
5503127e-5b54-4489-bb12-8ac0c4522d28,1.7,0.68,7.35,Saturno,Tierra
a2f64440-fe9e-4ab5-95ca-68641e7bc1ba,2.43,0.59,13.96,Tierra,Saturno
015084eb-7606-4e93-a6df-2933b028ed5f,2.24,0.51,17.22,Tierra,Saturno
c0d885a7-4421-449c-9c13-ed4cd107bbeb,2.38,0.53,16.95,Tierra,Saturno
f45df40d-df80-4c36-994c-96cc018e6787,1.96,0.58,11.65,Tierra,Saturno
24ab3654-15f2-4459-b52b-cca939e41a18,0.91,0.44,9.4,Tierra,Saturno
8c4dc040-5478-41e5-873b-1c932c18e764,2.17,0.6,12.06,Tierra,Saturno
a7e8a294-40a1-4b9f-87f8-800712fd5165,1.24,0.64,6.05,Saturno,Tierra
072f7ef8-4ae8-414e-bae9-abb9da9399dd,1.48,0.41,17.61,Tierra,Saturno
91958c60-ad1e-4d31-ba7c-c5729866c113,1.77,0.4,22.12,Tierra,Saturno
18c3f359-edf6-4dbe-9aa2-d8c19fae543f,1.52,0.68,6.57,Saturno,Tierra
2200dd11-5860-41d0-ab36-3f00d2281cfa,1.62,0.62,8.43,Saturno,Tierra
8aa78385-7751-47d2-a568-0b26cc32a2e2,1.75,0.44,18.08,Tierra,Saturno
2e61155d-dd47-443d-a9f4-ed6322f2e722,1.12,0.57,6.89,Saturno,Tierra
b0ed21b8-c4d2-4a68-b53f-8e5d32b522f8,2.16,0.47,19.56,Tierra,Saturno
57ef33aa-47bd-43d4-b479-0268a84ef74d,1.08,0.54,7.41,Saturno,Tierra
7e18932a-74b4-4054-b8c4-e95b2e7c9712,2.03,0.68,8.78,Saturno,Tierra
698d1f6a-4aa3-43cb-b1fa-41e1cf854642,1.57,0.49,13.08,Tierra,Saturno
e43f0d7e-d9c2-40d5-a46d-caf2eef06b3e,0.81,0.54,5.56,Saturno,Tierra
a4e489a9-ac67-43bc-b970-2b844ab1580d,1.75,0.56,11.16,Tierra,Saturno
a433a58f-f4f3-4a36-aa12-ce433cc97978,1.8,0.62,9.37,Saturno,Tierra
ea51ab48-fcb9-45e3-9ae4-571f102ecaf0,1.38,0.7,5.63,Saturno,Tierra
6543bf0e-9018-4cfb-9444-478efbc0f54f,1.43,0.53,10.18,Tierra,Saturno
8f1d574f-51da-47c4-999a-b98356e20899,2.33,0.69,9.79,Tierra,Saturno
05deb9e2-745a-464f-9063-aeeb02713a33,0.81,0.53,5.77,Saturno,Tierra
a608ab64-ca36-404c-bbfb-16440823cc10,1.34,0.4,16.75,Tierra,Saturno
f7432871-3d3b-4482-bc38-afe45bd22805,1.96,0.59,11.26,Tierra,Saturno
39c408d7-08a4-4555-bdfb-f301a0b24987,2.02,0.62,10.51,Tierra,Saturno
dee0a1cd-634a-48cc-b1f6-6e73145aea22,1.02,0.47,9.23,Saturno,Tierra
4ed97f7b-e4cc-47f2-a975-2dd8bb28df3e,1.06,0.66,4.87,Saturno,Tierra
4a8a5c2c-e537-4ca5-a116-d974bd527ee8,1.84,0.51,14.15,Tierra,Saturno
c26bc5a0-274c-4666-ab0a-f7b04a68cc35,1.05,0.54,7.2,Saturno,Tierra
0df5f3b8-c32e-4906-956a-976d256b1ab5,1.97,0.43,21.31,Tierra,Saturno
4cd8ad24-e72d-4ea9-bc02-736fc47244a4,0.95,0.47,8.6,Saturno,Tierra
ebcf66b5-72ee-4836-8730-ce98c3185e1f,1.93,0.67,8.6,Saturno,Tierra
1496d121-3302-447f-ac49-30ee2e89cb29,2.26,0.65,10.7,Tierra,Saturno
e5e5b91d-0c7b-4402-98b0-9ff9477bfaab,2.33,0.57,14.34,Tierra,Saturno
8c90394d-3e22-4273-95fc-4ee71a237941,2.05,0.62,10.67,Tierra,Saturno
5ac70e11-9561-4dd6-bcf8-ca2fa5ddeaf3,0.99,0.59,5.69,Saturno,Tierra
87ea36a2-bc7e-49e9-87c0-3b364d26b193,2.42,0.61,13.01,Tierra,Saturno
137f7e2a-f1b8-4954-9f07-213b7523ccad,1.52,0.52,11.24,Tierra,Saturno
955ec597-020a-4e50-aa8d-d5ed098b7884,0.82,0.59,4.71,Saturno,Tierra
712ab2c0-c2e0-49f4-a013-a0f9b163c5f0,1.83,0.51,14.07,Tierra,Saturno
4e445f44-8fe7-4873-bd4e-7e1b42877821,1.38,0.59,7.93,Saturno,Tierra
2df6d606-ca11-4981-9ce6-343ae4d87b8b,2.18,0.52,16.12,Tierra,Saturno
0afa51ca-1c72-4044-b703-343860d7d4c3,1.11,0.68,4.8,Saturno,Tierra
48113b08-5a0e-48c4-88db-a26c9230d3e9,0.99,0.5,7.92,Saturno,Tierra
e0a32008-121c-4be8-a8e2-f8f4a8171c66,2.4,0.53,17.09,Tierra,Saturno
fdbb90c2-d07e-4e8c-b211-be32c4dcfc9c,1.71,0.66,7.85,Saturno,Tierra
bb28ef3c-e57b-45ef-8c34-491d95de6b92,2.23,0.5,17.84,Tierra,Saturno
6c382c0f-dc2f-437d-a329-145021ef98e8,1.59,0.63,8.01,Saturno,Tierra
8a12b023-1ea2-4356-94df-bcef2e9aa37f,2.15,0.53,15.31,Tierra,Saturno
2d45e3e2-9b6e-42c2-ad43-40efc2fe02fd,1.18,0.7,4.82,Saturno,Tierra
5770670e-4f7c-43ed-b8f0-2d0152d0b818,1.91,0.58,11.36,Tierra,Saturno
a7c51555-e7d6-4e6b-8f93-1fdbbe424fa1,1.64,0.63,8.26,Saturno,Tierra
b9f1018a-eb6c-4f05-8c76-90d865b889eb,1.21,0.47,10.96,Tierra,Saturno
2f2b9702-34eb-4e42-a193-03fd9b3979cf,1.79,0.51,13.76,Tierra,Saturno
fdb10a06-3fbc-4237-b571-8acad0f5a7a0,2.19,0.46,20.7,Tierra,Saturno
5bacd73e-6e4e-45ab-a00c-caafa29de13a,2.15,0.49,17.91,Tierra,Saturno
cf1a4e7c-c962-4aef-b2d3-071eb6b0d2af,1.7,0.48,14.76,Tierra,Saturno
3266391e-deb4-4499-a4d8-59e2faa466e5,1.19,0.57,7.33,Saturno,Tierra
c0859756-fb99-47d6-aca4-3deb7ac89125,1.78,0.46,16.82,Tierra,Saturno
286fee36-d3a1-479c-94f3-481b6e578e0d,2.29,0.44,23.66,Tierra,Saturno
e111c529-e0e6-437c-8bd3-c428776ae69d,2.26,0.64,11.04,Tierra,Saturno
fd4bb59c-8e3a-4feb-abe9-16d3628e5c1a,1.94,0.64,9.47,Tierra,Saturno
4aa0d5e6-cfa0-4d25-a631-ab2057eb72bf,1.36,0.41,16.18,Tierra,Saturno
2f93cae6-48af-400f-b063-f63fed6e48ca,1.86,0.64,9.08,Saturno,Tierra
2ea15a19-586e-4925-a098-a50cf1733c85,2.23,0.41,26.53,Tierra,Saturno
ae7ee81a-5bc3-4e6c-afe5-961c44b3f816,1.07,0.5,8.56,Saturno,Tierra
b1f4cefa-379c-42d2-8ff5-d8b97030b391,1.87,0.44,19.32,Tierra,Saturno
fac41c66-754f-4f90-814f-9c480022eda3,2.11,0.44,21.8,Tierra,Saturno
1e43cf86-ab47-4cc1-8eed-f4d837a2cdc4,1.68,0.49,13.99,Tierra,Saturno
d0e1c648-d3f8-49d9-827a-a4c9c5ceb2be,1.36,0.58,8.09,Saturno,Tierra
7911ca7d-133b-45ca-aefb-ab320bdfea59,1.77,0.57,10.9,Tierra,Saturno
1bbb3df2-b69e-4f6f-baef-e0eb3113bce7,1.9,0.68,8.22,Saturno,Tierra
8dfbdb30-0200-4c99-9b39-a137ebf51edb,1.38,0.53,9.83,Tierra,Saturno
6edd3884-3f70-47f7-91ae-f1ba1dbf8ba6,1.69,0.59,9.71,Tierra,Saturno
c4573feb-243c-4eb4-aba3-58c4f478f7f7,0.91,0.51,7.0,Saturno,Tierra
84aed3df-c4be-4d75-8ae0-30a96243a744,2.37,0.66,10.88,Tierra,Saturno
df1f3b4d-bbb0-4751-b167-9e6b66579db2,0.92,0.64,4.49,Saturno,Tierra
5f9c113b-41c3-435b-b807-b2431554a841,1.98,0.41,23.56,Tierra,Saturno
868c776f-6a43-407d-8975-8adbd7ba00f4,0.81,0.6,4.5,Saturno,Tierra
f8ef59b3-b9b0-408d-bf98-d46be214f946,2.07,0.67,9.22,Saturno,Tierra
6fb48e5e-41af-4e71-8d08-e7e220994c0e,2.05,0.7,8.37,Saturno,Tierra
a079064f-0427-4367-a685-6712322262b6,2.0,0.45,19.75,Tierra,Saturno
237c51d5-a716-4d6e-9d67-01743c24c0ed,2.49,0.46,23.53,Tierra,Saturno
9ba32918-4b94-4324-8af4-7a1abfde6572,1.14,0.62,5.93,Saturno,Tierra
ce18812a-c674-4e0b-ae8a-17407124a3a5,1.69,0.65,8.0,Saturno,Tierra
b13e7b2e-4d19-43ba-9bbb-0db6a35e45ec,0.92,0.55,6.08,Saturno,Tierra
9c1f50a6-c5c3-4be0-896e-f2ece84f79e7,1.1,0.56,7.02,Saturno,Tierra
646db5c6-fea2-4a5c-8f18-18c15d2f248a,0.81,0.54,5.56,Saturno,Tierra
cbcfb475-51fe-49a9-86a1-19169249b993,1.4,0.46,13.23,Tierra,Saturno
51aba59f-09b3-4c67-8d13-ab8410afaa55,1.45,0.58,8.62,Saturno,Tierra
ee1beed4-6ddc-41b8-a162-d8ac202577aa,1.31,0.68,5.67,Saturno,Tierra
f8179624-324b-4d52-b907-4609ca32e2bc,2.38,0.45,23.51,Tierra,Saturno
905c1195-6889-4d97-9ffc-f4b2ad080586,2.4,0.61,12.9,Tierra,Saturno
fa8c091b-b6db-4230-967d-48319dfa2868,0.89,0.66,4.09,Saturno,Tierra
f60e28c5-ce51-4751-a07f-4e5ffaae9739,1.9,0.41,22.61,Tierra,Saturno
1b95831d-0fad-4faf-b7da-5b5ab8c99007,2.11,0.52,15.61,Tierra,Saturno
dbcfb2f4-5da9-4bbf-8993-2a82ae7decd4,1.74,0.63,8.77,Saturno,Tierra
dcb58b84-c135-43a3-9755-fd2a86d867d5,0.97,0.44,10.02,Tierra,Saturno
8024180b-c102-4631-bc90-76845393d351,1.94,0.57,11.94,Tierra,Saturno
c97872d0-7494-4dd2-94fd-8ee229d0ab12,1.02,0.41,12.14,Tierra,Saturno
6d0f5844-7f5d-4ef0-8b26-8919ea7f130d,1.47,0.42,16.67,Tierra,Saturno
7afae8bf-c011-485e-a0b9-26baf9ee61ab,2.25,0.58,13.38,Tierra,Saturno
eba1d08a-702c-41ce-bc8d-3a831675eb28,1.42,0.59,8.16,Saturno,Tierra
26bae2e5-93c9-4796-b4ab-d4ba5bdf5ac0,1.97,0.65,9.33,Saturno,Tierra
48e9fd61-7068-426b-9d19-4eef26ee6ae5,1.81,0.66,8.31,Saturno,Tierra
9e9765ee-8225-4a8b-ab9d-54e4f9e5f8fa,2.4,0.52,17.75,Tierra,Saturno
ee9d5f27-1167-41ed-97d8-453c2813a613,1.45,0.68,6.27,Saturno,Tierra
b5af1c72-e340-4465-8b87-b77220d0b5ad,2.03,0.45,20.05,Tierra,Saturno
51f9c3f2-673f-4034-8819-f8a082a1ea19,1.69,0.42,19.16,Tierra,Saturno
4385e477-4045-4d88-a030-62be1e01be00,2.29,0.5,18.32,Tierra,Saturno
bf4fe731-1933-4d9f-80b4-4b3e19add748,0.89,0.46,8.41,Saturno,Tierra
47c79d9c-4539-4124-9e84-fa7057930f1c,2.35,0.5,18.8,Tierra,Saturno
4d4155b0-d853-4aef-ac96-bf92757f3dee,2.48,0.46,23.44,Tierra,Saturno
13d37302-b4a9-497d-af0d-d4d04289eebf,2.34,0.44,24.17,Tierra,Saturno
72269abb-b15a-4812-a7b2-fe168512fefd,0.83,0.44,8.57,Saturno,Tierra
4d897336-6fbe-4aee-afe6-c95b06057de2,1.02,0.63,5.14,Saturno,Tierra
ebe40fee-55a7-4a0a-8198-b8b5941d960f,1.45,0.56,9.25,Saturno,Tierra
125b5554-11f5-43ed-9f97-e04a93a2681a,0.97,0.55,6.41,Saturno,Tierra
f2f70615-0552-4815-bd39-3c4bbb19d76a,1.24,0.45,12.25,Tierra,Saturno
b5267303-c8de-456f-8a4b-db3f394edbf4,2.28,0.54,15.64,Tierra,Saturno
ba65a9f6-d452-4974-9bec-1b58d0217a2f,1.42,0.41,16.89,Tierra,Saturno
a61febd1-ac01-46d7-99e5-d32b03f7788b,2.36,0.62,12.28,Tierra,Saturno
d1a24405-51d1-40a4-901f-8d5f47e31df5,2.29,0.62,11.91,Tierra,Saturno
e4213fbf-7ce1-4424-8fcf-7827d8f8d4e4,1.27,0.6,7.06,Saturno,Tierra
db9266f4-c470-417a-94a6-1de21617e145,2.47,0.58,14.68,Tierra,Saturno
a2301e17-fc1d-4202-b690-1878ba0b341c,2.34,0.45,23.11,Tierra,Saturno
a8c2375e-8368-40bc-a1e4-41b13d1033f3,2.0,0.66,9.18,Saturno,Tierra
a2492658-aa15-479e-bd9c-9ee4db586f38,1.47,0.58,8.74,Saturno,Tierra
6cf2eb20-6b54-4855-a961-61f4e85304e5,2.05,0.51,15.76,Tierra,Saturno
5d6d78cf-9530-4063-8f64-4c3aa1ef46fd,1.96,0.42,22.22,Tierra,Saturno
e38ebe28-0553-43c3-93e0-1aa62a0a0b59,1.87,0.7,7.63,Saturno,Tierra
1537c3fe-41e3-4eae-a0b1-49965aa4e6cc,1.37,0.49,11.41,Tierra,Saturno
aa4e8560-4900-43d6-95f2-664f40bd49bd,2.49,0.61,13.38,Tierra,Saturno
22301915-af58-4df4-8c95-387cdb6c939c,1.88,0.56,11.99,Tierra,Saturno
8d7c40f0-d8e9-45db-9dce-8c3210a52748,1.74,0.59,10.0,Tierra,Saturno
99096d8b-dc5a-4630-8627-a84a915d6acc,1.02,0.68,4.41,Saturno,Tierra
8408aea0-8223-49cf-bc16-52ee6bbbb55b,1.08,0.52,7.99,Saturno,Tierra
130d77d0-1d96-48c4-9862-90e5bd5e4f6c,2.37,0.45,23.41,Tierra,Saturno
1a2dcf14-c0e0-407d-8495-6d6a4869f07e,1.03,0.59,5.92,Saturno,Tierra
c4b7f6d0-6ada-4694-91ec-01c32a0268c7,2.39,0.58,14.21,Tierra,Saturno
3263e47f-3f58-4209-b2e9-e1dcc92e55ad,2.19,0.64,10.69,Tierra,Saturno
275e36fa-782b-481c-8292-3b6d5793562b,1.02,0.61,5.48,Saturno,Tierra
a9623178-8c02-4bdd-9076-01393ca811e8,0.86,0.59,4.94,Saturno,Tierra
2e90c4e7-1bb8-4eca-83be-130ecdd2a38e,2.26,0.59,12.98,Tierra,Saturno
6df0a259-e066-4561-a141-bcf67fd9ef06,1.04,0.55,6.88,Saturno,Tierra
f2f1f362-53ca-4917-bfe7-dde5b94bc80f,1.71,0.64,8.35,Saturno,Tierra
bf4802b4-eaa1-471c-bb3c-59b0fb57e5b5,1.99,0.64,9.72,Tierra,Saturno
899c6b3c-0597-48b8-b0de-1328c7f9fd45,2.35,0.48,20.4,Tierra,Saturno
00fdf0a6-7f75-4e51-8a1f-22c1db762ed1,0.96,0.56,6.12,Saturno,Tierra
0471d678-a0f0-4dd7-b7f3-d0a64134c447,0.86,0.44,8.88,Saturno,Tierra
c6971525-bd1f-4041-a535-09e357f2bc7c,1.73,0.54,11.87,Tierra,Saturno
3fcdb49f-4600-4476-8d86-bf71b9b762b9,1.09,0.54,7.48,Saturno,Tierra
5ad3d2e1-1fb0-4f3e-b418-9931efc9b4b2,2.33,0.65,11.03,Tierra,Saturno
77cb64ca-548b-4f3a-9e99-1214d4bb7eca,2.15,0.66,9.87,Tierra,Saturno
493d1559-dc79-4089-9fbe-62085e67b46d,1.86,0.61,10.0,Tierra,Saturno
72891291-7b5e-4c03-95c5-e609424ef071,1.63,0.51,12.53,Tierra,Saturno
f58e8b4a-b987-452e-8616-73f1d6d9a606,1.77,0.61,9.51,Tierra,Saturno
7c0472a1-3657-4e9f-b9da-a73afb520dc2,1.0,0.4,12.5,Tierra,Saturno
6b944fa8-36ff-4cc8-b671-9414d6fcb31a,1.27,0.62,6.61,Saturno,Tierra
68c5886b-88e3-4d33-b7f3-5bcd9987c82f,0.87,0.61,4.68,Saturno,Tierra
ef19f364-4d25-4435-a271-6eaac4c41954,2.39,0.46,22.59,Tierra,Saturno
27b12923-b7b0-41ee-b509-f7c93e1de46f,1.88,0.58,11.18,Tierra,Saturno
7ef62a09-1a6e-4192-8157-dcece1b862db,1.7,0.62,8.84,Saturno,Tierra
74557dfd-8754-47a1-82db-1beaa02327b6,1.74,0.64,8.5,Saturno,Tierra
63f63672-c0b3-4fbd-b470-5a4decb5e518,0.95,0.56,6.06,Saturno,Tierra
cf284d4c-ba03-409a-81f4-8d057b3f3d1e,1.18,0.5,9.44,Tierra,Saturno
82e853f3-9b9e-4c53-a6f8-99d88e20b27c,1.35,0.66,6.2,Saturno,Tierra
ec4b1ac5-455b-4fb5-9dcd-3c0e11c7f26b,1.71,0.44,17.67,Tierra,Saturno
e74a5665-f9a4-456c-942c-d5f519ff2995,1.84,0.43,19.9,Tierra,Saturno
48331e00-e256-4123-8917-bc42ca1b404d,1.42,0.47,12.86,Tierra,Saturno
2402de78-3b92-4e9f-81bf-8900e9079e5d,1.21,0.43,13.09,Tierra,Saturno
5ef01386-bb32-4bcf-b59d-36789d0bb445,0.96,0.51,7.38,Saturno,Tierra
f1bef18b-50ef-4027-a13e-5c5c766a81d4,1.84,0.63,9.27,Saturno,Tierra
2efce9b9-52a0-4277-a2a9-5985dc40cc60,1.52,0.59,8.73,Saturno,Tierra
f6a6ec1a-4a6e-4eb7-970d-333c818cae9f,1.2,0.53,8.54,Saturno,Tierra
193a6070-e924-4307-b1fe-b94957f9c73d,1.67,0.6,9.28,Saturno,Tierra
dd72edec-4417-4042-9cff-453e65921b32,2.14,0.48,18.58,Tierra,Saturno
ebc774c2-b60d-43e6-b44e-55d65613f19e,1.34,0.68,5.8,Saturno,Tierra
ada4245c-17dd-4a1b-8482-4dd772798c58,1.9,0.58,11.3,Tierra,Saturno
67598319-b43c-4abb-bfd7-f7c3edc40f95,1.36,0.62,7.08,Saturno,Tierra
f385e2bb-fbba-428a-9c9e-f285894a6730,2.27,0.51,17.45,Tierra,Saturno
3d05c56c-2ad7-4cdf-9a87-8601b21bc183,2.39,0.43,25.85,Tierra,Saturno
141c7c6e-5767-4464-8c51-0931719c2e70,1.82,0.64,8.89,Saturno,Tierra
2c373474-8b6c-4972-bdd4-70aeb45c954e,1.67,0.5,13.36,Tierra,Saturno
2b90316b-d017-499b-9fb4-606cef706d2f,1.08,0.64,5.27,Saturno,Tierra
f8720646-438e-4c94-8bdf-50989d29003d,2.29,0.68,9.9,Tierra,Saturno
b52fdaf5-e467-4d04-8dee-256549ae7a7f,2.15,0.7,8.78,Saturno,Tierra
ceb0234c-9ab2-4fc4-8032-14d499d8efcb,2.2,0.49,18.33,Tierra,Saturno
7e301bad-c8c5-4f80-ac02-e100603d7c02,1.38,0.46,13.04,Tierra,Saturno
ce58ac3c-b90a-4dca-9a37-ccdc703abbde,1.59,0.46,15.03,Tierra,Saturno
f5429ef3-6c62-4ff5-a400-f856cdd28ca8,2.15,0.54,14.75,Tierra,Saturno
df8dc9dc-1a3a-4438-bc8d-bc4ca79eb46e,1.43,0.52,10.58,Tierra,Saturno
3dbb1169-dfef-46d7-8598-8ebb162b6de3,1.06,0.54,7.27,Saturno,Tierra
be70cb54-5d00-48d8-99b3-d136f7fe32a0,2.43,0.45,24.0,Tierra,Saturno
14cdaeca-8e22-40fb-834d-549b4ac0ef23,1.75,0.58,10.4,Tierra,Saturno
07e3f7ff-3c6a-4140-8ba3-ff0b368c4d9b,1.4,0.58,8.32,Saturno,Tierra
d2e0aa09-39a2-4abf-b664-01b79144ac04,1.0,0.63,5.04,Saturno,Tierra
41a05d15-f5e9-42a9-bf4b-76cf4f4ab7f5,1.05,0.5,8.4,Saturno,Tierra
3f0ec6ba-7429-43d4-b509-c1b12fadd0de,1.93,0.43,20.88,Tierra,Saturno
6296fee7-dffe-4c10-affe-85c11d680b9a,2.22,0.46,20.98,Tierra,Saturno
a8e5f4dc-21dc-466d-bdc5-21220c4e4894,1.17,0.55,7.74,Saturno,Tierra
2b1fd2a8-ebbe-4d1c-8a9f-b6565883a314,2.11,0.43,22.82,Tierra,Saturno
96f3e71c-3bbf-4903-a8d1-a5c9777c0382,1.14,0.69,4.79,Saturno,Tierra
7ead4675-dbd3-451b-936b-a6d59ed6f207,1.25,0.47,11.32,Tierra,Saturno
115ec0b3-1854-4fdd-b594-4e0e0db069d6,1.49,0.69,6.26,Saturno,Tierra
1cd87923-0e09-4b82-a65e-9e570649d1cb,2.21,0.62,11.5,Tierra,Saturno
445fa4cf-fbad-4466-b6a5-a1921e9e8623,0.99,0.42,11.22,Tierra,Saturno
1b6a030c-a3d1-4e6f-b619-5ccf8a2ba9fb,1.07,0.52,7.91,Saturno,Tierra
d75f7557-f8dd-4a69-93cb-d66b38a347d3,2.0,0.69,8.4,Saturno,Tierra
a65b3bb5-d5d4-4f44-88d6-9212cae08a4a,1.12,0.41,13.33,Tierra,Saturno
90a9f319-ec5b-401b-b46b-2deea674aa64,1.39,0.6,7.72,Saturno,Tierra
627ce73c-4dfe-41c3-aae0-fe335f26e731,1.99,0.6,11.06,Tierra,Saturno
4a07695e-fde2-4316-9628-fec510c1ff54,2.1,0.67,9.36,Saturno,Tierra
677128c1-7dcb-4711-b3d8-fb230a574d8b,1.46,0.52,10.8,Tierra,Saturno
01432839-83a4-467b-922a-aa51246f46ff,1.42,0.48,12.33,Tierra,Saturno
b9461935-f30a-42d9-ad3a-1e83ad5498c7,1.5,0.44,15.5,Tierra,Saturno
773f1bb6-2c66-4eb5-b89c-c8872d979b3a,1.4,0.45,13.83,Tierra,Saturno
736935d0-21f0-4170-93b3-fce239082369,0.93,0.44,9.61,Tierra,Saturno
9224d6fd-bb90-4c0c-bcfc-9852cb9ff573,1.55,0.47,14.03,Tierra,Saturno
e9a174b3-1dc7-42c4-b390-73ffea1af7a5,1.66,0.41,19.75,Tierra,Saturno
888d9142-c531-453c-849c-cd4cae6ad39a,1.62,0.49,13.49,Tierra,Saturno
87bfc5f9-39cf-4537-957a-4ec8cb89f201,0.89,0.46,8.41,Saturno,Tierra
5a746c35-f414-4649-9de2-4bb8023d3955,1.62,0.55,10.71,Tierra,Saturno
dda7a865-4678-4335-9c66-5945253e8ead,0.85,0.63,4.28,Saturno,Tierra
af0ec1c6-609d-487b-b9e3-42da5bdbb6fa,1.01,0.62,5.25,Saturno,Tierra
a8a0507d-3791-4222-979c-a4f863e4a7ec,1.33,0.45,13.14,Tierra,Saturno
294e7ede-5d08-485b-9b7a-86eafffb68bf,1.34,0.68,5.8,Saturno,Tierra
cd27ee94-7dc7-45ce-8cf2-976abe764dda,2.23,0.59,12.81,Tierra,Saturno
9da0b84b-1cfe-4ea2-be2c-e0c4e905a6e2,1.09,0.69,4.58,Saturno,Tierra
fa6eb8df-7d84-4fdc-bdaa-8aea207d7aa4,1.0,0.48,8.68,Saturno,Tierra
6badebb4-7fb7-425d-aaea-237808e1db01,1.39,0.48,12.07,Tierra,Saturno
372b34da-0feb-437a-8d50-609cc2693b2d,1.6,0.46,15.12,Tierra,Saturno
55170499-a14f-48a8-a27c-cd064436b4eb,1.1,0.67,4.9,Saturno,Tierra
96029f97-9016-4d92-970e-8dd1b08165c9,1.46,0.62,7.6,Saturno,Tierra
aa238a6f-9a3f-4793-9997-64368e307bc3,1.44,0.69,6.05,Saturno,Tierra
2c9095d4-af73-472d-a490-e4b12bca87ca,1.59,0.6,8.83,Saturno,Tierra
3213a630-63cf-4425-b78a-5c924bcc75dc,1.39,0.69,5.84,Saturno,Tierra
c602c277-c838-4a75-b768-9909b93da53d,2.0,0.63,10.08,Tierra,Saturno
bcc03925-cde9-4552-bdac-3b9406ad1b5d,1.18,0.44,12.19,Tierra,Saturno
f9d5a0da-a47b-4b8f-91b5-9d7015502ae2,1.76,0.45,17.38,Tierra,Saturno
ef86e206-aab5-40cb-a6a6-ad02b5637472,1.93,0.54,13.24,Tierra,Saturno
d2a3cf25-b610-40b2-8709-446b8c704078,1.09,0.64,5.32,Saturno,Tierra
96918410-ddcd-4cb9-9a66-e6efc222ca35,1.97,0.46,18.62,Tierra,Saturno
1f59b5e2-821e-4417-8b04-a46f8d394113,1.08,0.69,4.54,Saturno,Tierra
51126fbf-ec8e-4900-a005-e74bb715a0c2,1.18,0.43,12.76,Tierra,Saturno
72c59939-2268-4901-8ae6-70cddd193126,1.75,0.53,12.46,Tierra,Saturno
ba77f559-43a1-416b-8e8f-bc8c500b9b29,2.3,0.6,12.78,Tierra,Saturno
e6298261-03fb-4f0d-89cf-ae7edb8e96d8,2.04,0.63,10.28,Tierra,Saturno
e9111026-3edb-4bc8-9a5b-d2bad752be5d,2.22,0.53,15.81,Tierra,Saturno
f277038b-865e-4d05-9fce-add5235a8515,1.53,0.48,13.28,Tierra,Saturno
b104f6c1-ecb6-44c6-9e8e-4650f8839f13,2.02,0.63,10.18,Tierra,Saturno
4fdac0ab-df8c-47af-bb48-17cacf0155de,1.0,0.7,4.08,Saturno,Tierra
da60a53c-39f5-4bb9-af36-bbf4d0994436,1.89,0.48,16.41,Tierra,Saturno
061e0b3a-9b2f-4b27-97de-c41e8099e5b7,0.88,0.57,5.42,Saturno,Tierra
37b30aa3-b167-48ec-a143-95b244212cc5,2.5,0.62,13.01,Tierra,Saturno
fe3e164f-c8d3-4a8a-950e-be261e787bc3,1.51,0.47,13.67,Tierra,Saturno
b080e906-9947-4519-9921-84f4dcfbb8e8,1.85,0.58,11.0,Tierra,Saturno
8bae6dc5-1d30-42e9-a13d-83b1d2ae80b2,2.23,0.61,11.99,Tierra,Saturno
e2c3787f-732a-4c5d-993c-db577b7695b5,1.97,0.61,10.59,Tierra,Saturno
d7e3512c-f34c-4b16-aad5-08a2bf0200f5,1.8,0.59,10.34,Tierra,Saturno
1e855bd3-0028-4ff0-945e-20c9e14aab80,1.27,0.48,11.02,Tierra,Saturno
ddb714ff-fc4a-4f5a-abb3-03ecf810c2ae,1.91,0.57,11.76,Tierra,Saturno
a6f8b2b6-9e29-4e96-a727-8e1314d2ba11,1.48,0.66,6.8,Saturno,Tierra
b4f29a1c-0e8b-4fff-9b32-e75b42a2129a,1.36,0.66,6.24,Saturno,Tierra
c8b1c717-069f-4eb7-812f-7ba45f5eaa4d,1.58,0.4,19.75,Tierra,Saturno
0bc9ef18-8147-4a53-b1f1-02aecebdd8ef,2.17,0.46,20.51,Tierra,Saturno
d30b0647-1ba9-4d71-8c2c-2d5a32c2cdde,1.13,0.4,14.12,Tierra,Saturno
50aaad83-126e-4997-89af-59d3a5a0e67d,1.17,0.48,10.16,Tierra,Saturno
abaa0bc0-dafc-426c-bd01-d741c96e894b,1.97,0.69,8.28,Saturno,Tierra
94d79cfe-7503-40e4-995c-689b33c87cf4,1.33,0.47,12.04,Tierra,Saturno
772fd4de-db86-4865-9d40-99589f523a35,1.92,0.45,18.96,Tierra,Saturno
8f7209ca-f392-41a7-b344-c7ca3c19e00c,1.61,0.7,6.57,Saturno,Tierra
e9a0b0ce-31e1-4457-bd03-462aee2fbba6,0.98,0.44,10.12,Tierra,Saturno
4a8faa5e-42fa-4ea6-91b0-ee08158e69d4,1.75,0.55,11.57,Tierra,Saturno
9a761753-f93f-4758-b44c-75b65ba1d36d,2.21,0.69,9.28,Saturno,Tierra
954966a2-29fa-42e6-8bfc-baf26d4a11a9,1.57,0.53,11.18,Tierra,Saturno
694e43e8-0ae2-4614-a244-db14720c2d89,0.9,0.67,4.01,Saturno,Tierra
0274b271-0277-4757-94c1-8f22538db3e8,1.52,0.69,6.39,Saturno,Tierra
3f0d73f4-4470-4135-8b03-7feca8440c62,2.44,0.67,10.87,Tierra,Saturno
112a9481-7809-4a31-a453-62d65e3546ee,2.43,0.7,9.92,Tierra,Saturno
d4293dc9-e4f2-4a38-9886-4870f7488a62,1.12,0.61,6.02,Saturno,Tierra
9c945ee2-e372-4d54-ba88-213c6909fc47,0.81,0.68,3.5,Saturno,Tierra
52a3c3d7-4002-4d62-82eb-8b866ad30206,1.88,0.44,19.42,Tierra,Saturno
89f9c301-8887-4400-b14c-c90778f48608,1.35,0.67,6.01,Saturno,Tierra
dd8ee84a-0c74-4687-8d75-98a2b6fe8876,0.88,0.52,6.51,Saturno,Tierra
089424b3-71a6-44c9-9d90-18e7e9ec8205,1.41,0.47,12.77,Tierra,Saturno
ca057f83-1561-40b9-8d7f-0a20a01db728,2.12,0.7,8.65,Saturno,Tierra
8459e2e8-60ea-46fc-aa26-e09b21410886,1.18,0.44,12.19,Tierra,Saturno
9af9a03b-80ca-421b-b9b9-86ec496504c8,1.8,0.61,9.67,Tierra,Saturno
215c7d07-b123-4118-9034-1a2e23202cbd,1.43,0.44,14.77,Tierra,Saturno
57e8ee38-965a-42df-acf5-6653bbc47e4a,0.88,0.54,6.04,Saturno,Tierra
9b07e42a-760a-4d88-b46c-485d98d9050d,0.81,0.6,4.5,Saturno,Tierra
dfa74c1b-9bc6-4750-8791-7876c7fe7716,1.04,0.61,5.59,Saturno,Tierra
e7a78fe0-7e4e-4d27-a731-37c34aa9d0ad,1.21,0.43,13.09,Tierra,Saturno
79fad122-54d4-4284-ae69-ea83ac61082c,2.23,0.55,14.74,Tierra,Saturno
2ab9ba22-320e-4428-b95e-96ee3d6e7d78,1.23,0.5,9.84,Tierra,Saturno
375ba4db-3337-4fd1-9598-8cd825b20f42,1.56,0.54,10.7,Tierra,Saturno
0f5e5f52-3d25-4531-8c7d-37f22fda17b0,1.5,0.55,9.92,Tierra,Saturno
6f179585-3798-43fb-8219-01d7a02cdb79,2.14,0.46,20.23,Tierra,Saturno
22d1ae91-bcb3-49f9-a585-12f02419a8c0,2.22,0.66,10.19,Tierra,Saturno
6a1d51ee-6a0d-482c-9593-33481ff55280,0.98,0.63,4.94,Saturno,Tierra
880891d2-28b2-46f1-a4c8-84a3ebdcc4fa,1.51,0.57,9.3,Saturno,Tierra
65a17cde-982a-4cb1-a607-53c0d9aae728,1.66,0.59,9.54,Tierra,Saturno
65b6b450-87ff-4a56-9a6a-7bfe79a00641,1.39,0.43,15.04,Tierra,Saturno
25b8e862-02dc-4219-9c50-f9218b011f6e,2.14,0.67,9.53,Tierra,Saturno
9ba64aa3-398f-43fa-b354-07d7875457d4,1.25,0.65,5.92,Saturno,Tierra
6eff29e6-f21b-4499-8e8d-947b4fbacd56,1.79,0.69,7.52,Saturno,Tierra
83c7d14f-9dc1-4946-8f74-6e04847cf7ad,2.24,0.64,10.94,Tierra,Saturno
d767993b-6816-4e32-8f0a-a36771ae8fe1,2.43,0.42,27.55,Tierra,Saturno
0e3f6ae4-cd1b-407e-b9b9-6fef0499aa0f,1.51,0.55,9.98,Tierra,Saturno
74c6680d-43c5-4c47-adc9-dddc1bf0a426,1.83,0.47,16.57,Tierra,Saturno
d508ecc7-49a1-4efe-8d55-e38abd0aca55,2.47,0.56,15.75,Tierra,Saturno
a3002e54-34d6-42e8-bde3-53a10d98bc39,0.88,0.51,6.77,Saturno,Tierra
864e0ad1-64a0-42de-9403-8204d5679a43,1.65,0.43,17.85,Tierra,Saturno
58d9aeb0-befa-4e3f-a5aa-31b4aa80f8d3,1.42,0.54,9.74,Tierra,Saturno
f5ecea75-7052-443f-a106-dadae6416bd0,2.0,0.53,14.24,Tierra,Saturno
5f4609f7-2125-404c-a3e3-4983e32f790e,2.23,0.47,20.19,Tierra,Saturno
f7643420-583c-4bda-aa25-eebb3c1f2215,1.13,0.51,8.69,Saturno,Tierra
f43c6875-cd71-4714-8dcd-b8ff5a86f5bd,2.36,0.61,12.68,Tierra,Saturno
66d7d9dd-cef2-40c0-a221-aae736c56ac5,1.04,0.51,8.0,Saturno,Tierra
136d7ce9-8ce2-429f-a5eb-bbe6ed06953e,1.61,0.42,18.25,Tierra,Saturno
092f09b8-664e-426b-b3d7-e521dafb4fed,1.44,0.41,17.13,Tierra,Saturno
8c4ac8b8-efbd-4fe1-862f-53d3a873a834,2.41,0.61,12.95,Tierra,Saturno
3232f9a5-7b54-4c32-b4e6-9913eb421936,1.19,0.56,7.59,Saturno,Tierra
e99328d1-58f8-458c-82af-b965f563c656,1.73,0.62,9.0,Saturno,Tierra
8de68471-f1a7-4f0c-b9bf-f6aeb7791b1c,1.07,0.48,9.29,Saturno,Tierra
0fb16307-b962-402f-8b99-56f63078dfa5,1.4,0.68,6.06,Saturno,Tierra
1fcfb75e-f78c-4f22-8260-8114a0d14e73,1.5,0.69,6.3,Saturno,Tierra
e7319859-5f26-422d-b3ff-ebfbac8823b9,1.54,0.64,7.52,Saturno,Tierra
0a5f145e-0b30-4da0-8fd4-7d750b816794,1.73,0.64,8.45,Saturno,Tierra
5292fdc9-5608-4966-aa76-bb932c5b5fcd,1.19,0.64,5.81,Saturno,Tierra
55460b01-4d3e-4c1e-9271-ede56fc9b105,1.24,0.63,6.25,Saturno,Tierra
82f9e739-96e9-425b-9eb7-031fc20b09cf,0.81,0.67,3.61,Saturno,Tierra
66e84752-62f4-4f96-8bcf-002d0ed0f513,1.63,0.44,16.84,Tierra,Saturno
9f9722e4-30b1-441a-862d-4dfe69e06e98,2.42,0.63,12.19,Tierra,Saturno
8cdfdd2c-00ea-40aa-8bdc-994d7c1fabb0,1.13,0.64,5.52,Saturno,Tierra
95ee0509-8f09-4ded-bac0-10f89943828a,1.48,0.42,16.78,Tierra,Saturno
20050786-5980-42f5-99c6-cb89d2c24ff8,1.34,0.58,7.97,Saturno,Tierra
995c83c0-a190-4557-94db-80697724434c,1.44,0.46,13.61,Tierra,Saturno
efaf412e-6326-4c4a-a69e-51510b77dacc,1.45,0.62,7.54,Saturno,Tierra
60a086d3-5cc5-4f00-8b63-d7b671a6a2bd,1.94,0.41,23.08,Tierra,Saturno
2f3b57f3-3571-4ad8-b354-32b4245b2a1e,2.19,0.5,17.52,Tierra,Saturno
1eeeb10a-0059-4596-9f00-102eb535c108,1.29,0.59,7.41,Saturno,Tierra
f1c97aab-8bf2-4ac7-8225-74954445db4b,1.53,0.41,18.2,Tierra,Saturno
bf73cbec-43c6-4c16-a886-ae7f5b0a5c99,2.25,0.41,26.77,Tierra,Saturno
5fc9cc20-6510-4ddd-9d48-f1f6480c43e9,1.85,0.64,9.03,Saturno,Tierra
e316b3b3-4ba2-4be0-be2c-bca49c491c1a,2.33,0.47,21.1,Tierra,Saturno
834e8f9c-e541-404d-b52d-db90045d1147,1.47,0.5,11.76,Tierra,Saturno
7b41ff1f-0409-4d2a-83db-fc23d638bf2f,1.06,0.66,4.87,Saturno,Tierra
129ffca9-d59f-4cf1-8f78-c1b354b4cb92,1.49,0.68,6.44,Saturno,Tierra
21330764-cec7-4c04-a114-2ac17e1066e6,1.03,0.66,4.73,Saturno,Tierra
116cd25b-34ea-48a5-980f-da1f1afd8cde,2.35,0.55,15.54,Tierra,Saturno
1ae67b44-40c7-43a5-aa0a-ed829b2fb9e5,2.16,0.59,12.41,Tierra,Saturno
4c2b8f96-2b8c-4810-a8ad-8a1e1a2d93b2,0.97,0.64,4.74,Saturno,Tierra
df352796-6b77-4ea4-9d66-87ce49380153,2.0,0.48,17.36,Tierra,Saturno
14c5c0f4-8bac-4f0a-b784-d7cb0a09494c,0.84,0.53,5.98,Saturno,Tierra
d911f4a3-6ab0-4abb-bf3b-f2961bae6bda,1.47,0.56,9.37,Saturno,Tierra
b1ea3d50-a071-4682-a036-359b0158d042,0.99,0.58,5.89,Saturno,Tierra
6105cf5a-91f9-4efe-b74b-2eb0f6af0284,1.4,0.68,6.06,Saturno,Tierra
73161d31-3190-40bd-a09d-bfe230439696,2.44,0.5,19.52,Tierra,Saturno
0301e102-f490-4b6b-9878-2c1a4c77d245,0.85,0.56,5.42,Saturno,Tierra
c51db3cd-9a44-489e-b84d-ddf4cce7eeec,2.26,0.46,21.36,Tierra,Saturno
25196e06-9f1d-4561-bfd5-5b232d70fa83,2.37,0.51,18.22,Tierra,Saturno
ce44c857-4fb7-46df-8e10-395fb81e8c72,2.3,0.55,15.21,Tierra,Saturno
291f2c7d-bfc0-4e0e-875d-4d0767926c78,1.5,0.68,6.49,Saturno,Tierra
45307290-d692-4897-a67d-c9b91a98d7d0,2.11,0.57,12.99,Tierra,Saturno
887011f3-4c98-485d-bd1a-05f14339d435,1.54,0.66,7.07,Saturno,Tierra
105145b1-7faa-4dc7-a987-e2899d764e3f,0.91,0.56,5.8,Saturno,Tierra
6b644789-ef63-4f3b-bb83-a5c17222f030,2.18,0.66,10.01,Tierra,Saturno
816c84fa-a9a5-4133-a776-f7b8c28daf99,1.87,0.7,7.63,Saturno,Tierra
d576da67-eee2-49c7-8e99-42d0114f0db3,2.4,0.47,21.73,Tierra,Saturno
02e07a5e-0b6c-4da6-8381-b2ac2896515d,2.26,0.53,16.09,Tierra,Saturno
57f92a6e-fe70-42a7-86d8-0a4b82d75c37,2.29,0.61,12.31,Tierra,Saturno
86c25f21-9cb8-4d0d-99e6-bbfae85e7ba2,1.72,0.59,9.88,Tierra,Saturno
9e61cad5-a94b-4791-a653-207ca46ac7de,1.08,0.48,9.38,Saturno,Tierra
284a1166-f40d-4e9d-9a80-303b0e4beb53,2.04,0.69,8.57,Saturno,Tierra
449247ea-bb3e-4a1e-a446-c4551f0dd359,2.02,0.51,15.53,Tierra,Saturno
689b8b18-094f-4dea-b8b6-3328682e1d95,2.22,0.69,9.33,Saturno,Tierra
39ab627a-07a8-4a04-9de8-056dfc1b0dfb,1.6,0.52,11.83,Tierra,Saturno
e3911f4d-fba5-4e8c-bb56-0607cd8b4b14,2.01,0.57,12.37,Tierra,Saturno
c2392403-bb16-4fae-9727-e200e76aee68,2.41,0.63,12.14,Tierra,Saturno
2004e523-68c4-40ee-ac5b-26c757836c28,0.95,0.42,10.77,Tierra,Saturno
ea82e9f8-fb67-479e-b93d-16e6dc30679e,2.37,0.61,12.74,Tierra,Saturno
fe864a3e-7e22-4184-9056-4afde792d716,1.3,0.53,9.26,Saturno,Tierra
5a557eda-b065-4be5-8464-02560415aeee,2.07,0.4,25.87,Tierra,Saturno
93481433-3f30-4932-bfc9-1f08032d2846,2.39,0.68,10.34,Tierra,Saturno
2e009740-f373-4233-8475-b4a969ccfddb,2.29,0.52,16.94,Tierra,Saturno
409444e8-9c1e-43ab-835d-0c7351f6e497,0.87,0.44,8.99,Saturno,Tierra
4aee020b-f9ef-488c-bdda-39d30dcc29cf,1.72,0.48,14.93,Tierra,Saturno
138befa2-440f-4e4f-989a-5d850541b822,1.68,0.64,8.2,Saturno,Tierra
caa34cd4-a530-4e17-8f4e-a176aa5f58e9,2.37,0.66,10.88,Tierra,Saturno
b5b0c38c-12c1-42c9-bc96-052ba7e59b4f,2.24,0.66,10.28,Tierra,Saturno
152cede1-4849-4453-854d-af61ca85f5a3,2.28,0.43,24.66,Tierra,Saturno
89ebe9c9-543a-4147-a963-fc8a1dafb2c3,1.24,0.6,6.89,Saturno,Tierra
ee64ca0e-2a78-4b53-98c3-ccf8f975cc1a,1.76,0.57,10.83,Tierra,Saturno
b11c1043-e4fd-4a3f-8dbe-0e1d313610dc,1.25,0.49,10.41,Tierra,Saturno
2b1809e9-8a28-4835-8488-045b630d3aa0,1.17,0.53,8.33,Saturno,Tierra
314a8a0d-59f5-4149-923d-baec65df268d,1.68,0.59,9.65,Tierra,Saturno
dc338a6e-a2f1-4c12-9e42-b038270d9750,2.22,0.65,10.51,Tierra,Saturno
bfbc42f6-b3f8-4b1c-a075-869cd84cb663,0.96,0.69,4.03,Saturno,Tierra
fd8eee08-c129-42e7-9cca-0b91f3ca1282,2.03,0.53,14.45,Tierra,Saturno
44fbef81-e209-4e76-8d21-eeebfef75290,0.88,0.47,7.97,Saturno,Tierra
01e592e5-42ee-42c2-bca8-8bb293fc4c0c,2.09,0.69,8.78,Saturno,Tierra
4b7e070b-dcd7-4c3f-b7a9-67dbb9ef875b,1.58,0.43,17.09,Tierra,Saturno
6c578795-4a13-4533-9b5e-253c452ec1cf,1.45,0.42,16.44,Tierra,Saturno
3a9eb908-3ebd-446b-b36f-df73b2d784f3,1.18,0.5,9.44,Tierra,Saturno
c2cdff5e-481f-4749-a899-f1cc6fcba5a6,2.06,0.68,8.91,Saturno,Tierra
68ad2c42-e973-499a-bf38-715d02b64aa5,1.29,0.62,6.71,Saturno,Tierra
3f7f3679-584d-40c1-8321-eeb591bf5166,1.33,0.52,9.84,Tierra,Saturno
f089b3f4-30d9-4c9c-b6cb-49d063e23205,0.86,0.6,4.78,Saturno,Tierra
7a9cd39d-80b4-4b9f-882d-faab4d41c85d,1.49,0.41,17.73,Tierra,Saturno
373c2123-d290-401f-a146-70be5b52aab1,1.45,0.48,12.59,Tierra,Saturno
46d2d780-7efc-4169-9b20-a7c4989ee51a,0.8,0.55,5.29,Saturno,Tierra
4341dd70-138a-4d5b-9621-5e0dfef2629b,1.38,0.54,9.47,Tierra,Saturno
c0b975db-e3e5-4d3d-9139-ff5be109ca11,2.1,0.47,19.01,Tierra,Saturno
ee3a9c61-1c51-4765-add9-a61ddf749874,1.06,0.69,4.45,Saturno,Tierra
bc35b880-9c95-4121-8ff2-f458464fe139,2.04,0.58,12.13,Tierra,Saturno
c5a20f26-2cb9-4aec-ab8a-49c0d2b40f60,2.04,0.62,10.61,Tierra,Saturno
08e5fe7f-224b-479c-81c8-32ba2795b826,1.61,0.42,18.25,Tierra,Saturno
86f06ccd-bd5f-4ece-92ef-1d733e99467b,0.85,0.67,3.79,Saturno,Tierra
4869176f-afef-4329-92c9-1741f1e32fdd,0.97,0.52,7.17,Saturno,Tierra
529f29af-e22e-458d-bfb1-db9308443061,1.35,0.55,8.93,Saturno,Tierra
62cede82-f014-47db-93bf-25980a7dd9d1,1.22,0.54,8.37,Saturno,Tierra
47676133-e430-4b3e-a81c-0efad06bef71,1.84,0.63,9.27,Saturno,Tierra
d9003632-684c-43a3-b937-9f8006253d21,2.0,0.52,14.79,Tierra,Saturno
2086c1ab-86cd-40c6-ac71-482d1e994fa8,0.98,0.53,6.98,Saturno,Tierra
0bae6947-0e54-46fe-8ac5-c7a9ddfc8e1e,1.94,0.5,15.52,Tierra,Saturno
61af7f0c-0900-4df1-bad1-7aaae8ca8740,1.84,0.54,12.62,Tierra,Saturno
fc70ad4c-e56b-4f6f-af40-7c33554d8e63,2.3,0.64,11.23,Tierra,Saturno
659ffb50-5dae-4c8c-9dbb-c15989aca8ed,1.32,0.58,7.85,Saturno,Tierra
5c29e073-6900-4db6-90e0-2f507ffbbf6f,1.84,0.63,9.27,Saturno,Tierra
9f059705-eae1-4a0d-8197-a0a3c009a1e5,1.46,0.65,6.91,Saturno,Tierra
a62c9b1d-a91b-412f-acf5-5bf50624fad9,1.57,0.67,6.99,Saturno,Tierra
e9501233-05b9-47d6-86ed-760f3948029f,1.05,0.7,4.29,Saturno,Tierra
90d613f0-af5a-4933-b267-a374113b2394,0.82,0.6,4.56,Saturno,Tierra
de3b7820-ecf6-4f88-9957-de2b40bc0210,1.53,0.46,14.46,Tierra,Saturno
7750cd6d-6c70-4d5d-8de2-7ed6cb9b015c,2.16,0.54,14.81,Tierra,Saturno
db8b3aba-d497-49c2-b52f-b6e4721cb901,1.9,0.56,12.12,Tierra,Saturno
8ce2c7b9-cc2f-4d1f-9198-b5c13589802d,1.41,0.6,7.83,Saturno,Tierra
a0f21123-0913-4c63-8423-2e56b231d6c6,2.12,0.68,9.17,Saturno,Tierra
a184c635-e7e3-4bb3-847c-715e75abf3bd,1.75,0.44,18.08,Tierra,Saturno
745093ce-bbf5-4530-982c-e5a78f518ad3,1.56,0.5,12.48,Tierra,Saturno
b7117f87-388f-4d8a-b30f-5dc456360141,1.76,0.43,19.04,Tierra,Saturno
4effb914-9761-4567-b06a-895f71073d35,2.31,0.53,16.45,Tierra,Saturno
66d6c93a-3576-4edb-87eb-d40248dbea53,1.96,0.48,17.01,Tierra,Saturno
344845b4-03c3-4ba1-a277-118bd79a3c92,2.07,0.52,15.31,Tierra,Saturno
dd67b87a-33aa-4f82-b2ba-f8064bbbae7a,1.6,0.68,6.92,Saturno,Tierra
a2357446-c9f0-45b5-9dd5-e0ab00be24e0,2.37,0.44,24.48,Tierra,Saturno
0327d241-bc8d-40ba-8835-81ad7430e74b,1.2,0.58,7.13,Saturno,Tierra
4d0daf38-52d0-4213-b8f3-542736862554,1.94,0.49,16.16,Tierra,Saturno
6c02f896-59a9-4f77-a5c3-c7e8537356c2,1.78,0.45,17.58,Tierra,Saturno
a42e3f0d-18be-4bb7-942a-9d1be7e2bb2c,2.39,0.41,28.44,Tierra,Saturno
692b278a-ea95-462e-81f3-9ff2132508e4,2.24,0.58,13.32,Tierra,Saturno
04bd1bec-7c04-432c-b93b-e0841c006c06,1.73,0.53,12.32,Tierra,Saturno
39cfe4ca-74fc-4909-8806-af7b63ba9f2c,1.47,0.45,14.52,Tierra,Saturno
79b349e2-5362-43e8-ac25-f18d24398a67,1.8,0.6,10.0,Tierra,Saturno
b1988919-33b8-4c03-8487-2654ab35265a,2.38,0.61,12.79,Tierra,Saturno
6eda4eba-3501-448a-bf40-131a01a83641,0.95,0.69,3.99,Saturno,Tierra
eb3e7668-a4d1-4d99-9255-deb52aa0626b,1.86,0.47,16.84,Tierra,Saturno
041c5f70-de81-4ee2-a493-06c9de0ee4a9,1.66,0.69,6.97,Saturno,Tierra
4984d9a5-e29b-4cf4-9be8-8d274839df2c,1.31,0.67,5.84,Saturno,Tierra
518cff79-4ec9-4cde-8dfd-f30dd4be5bc5,1.33,0.57,8.19,Saturno,Tierra
bcb9d6a3-5b75-4c1e-917f-9654b8a29725,0.97,0.61,5.21,Saturno,Tierra
3426bb0d-7de3-45ca-85a0-16bd76158cc3,2.03,0.55,13.42,Tierra,Saturno
ffc9f72f-7b53-4305-a232-d1d806341e0c,2.26,0.51,17.38,Tierra,Saturno
ed467441-09a2-47bb-8554-2a1b75c5038c,1.05,0.61,5.64,Saturno,Tierra
15be1c60-dee8-4abb-bfe3-b1c0556e9bee,1.15,0.55,7.6,Saturno,Tierra
3fe199f2-4f9c-4616-bf3b-67b76645c1d7,1.23,0.49,10.25,Tierra,Saturno
cdcb6342-0e16-4c6a-a774-7fc8ab01d803,0.95,0.65,4.5,Saturno,Tierra
cf49ee45-7337-4fd8-b3fb-e25357880e6c,1.3,0.52,9.62,Tierra,Saturno
e2a6a693-58e1-4312-80f0-bc4c3c03656a,2.19,0.49,18.24,Tierra,Saturno
015a5e5d-60a1-4293-a791-85bcaf6eb543,1.25,0.43,13.52,Tierra,Saturno
ce19c46c-9152-4528-80f0-950fddec666d,1.44,0.57,8.86,Saturno,Tierra
41421f13-6ea9-449b-a003-90e78f940ad8,2.46,0.49,20.49,Tierra,Saturno
677d93ef-03e8-4889-bb8e-a04cbee83517,0.91,0.41,10.83,Tierra,Saturno
89ed0159-8ba9-43d1-8420-1ff1a536263b,1.82,0.53,12.96,Tierra,Saturno
45cf1ff6-0710-4c2c-af78-761da587f4e7,1.47,0.61,7.9,Saturno,Tierra
354a237f-4c8f-4a26-95d1-71136132571c,1.9,0.61,10.21,Tierra,Saturno
d9258574-12ef-41af-9b91-b865623a71dd,2.27,0.62,11.81,Tierra,Saturno
c4295666-78e8-4f96-b440-3b3441bb9ec5,1.86,0.45,18.37,Tierra,Saturno
5de18031-6103-4cb0-ba00-c1ebf2988d3c,1.74,0.6,9.67,Tierra,Saturno
c96e8a01-19cc-40cc-9b81-3aebb1edbcdf,1.06,0.66,4.87,Saturno,Tierra
8ddd18f5-a42e-4834-b91c-508073a1f1d1,2.18,0.42,24.72,Tierra,Saturno
14776dab-705f-43e4-a8ba-166580ecfce5,1.96,0.62,10.2,Tierra,Saturno
a0985cac-6c32-49e1-a9b5-736798003dd5,1.82,0.49,15.16,Tierra,Saturno
7eeafed8-8f68-4fe7-b86f-b3d1a61f8c6d,1.2,0.62,6.24,Saturno,Tierra
0f506bfe-be75-405c-adb1-67f92efe19c6,1.94,0.6,10.78,Tierra,Saturno
459f6d66-2e0c-47d2-a301-7cdea9696487,1.39,0.47,12.58,Tierra,Saturno
6382446a-d6b7-4223-a112-5e08cbafc1bd,2.47,0.57,15.2,Tierra,Saturno
d99038d9-35ed-4dd0-aa39-3ab229efce5c,1.23,0.45,12.15,Tierra,Saturno
f6f1cdfd-f99c-4189-b401-0f6afdf4cbb3,2.03,0.67,9.04,Saturno,Tierra
0fc1f722-67c8-40b3-a7b3-6f41644042e9,1.56,0.55,10.31,Tierra,Saturno
80607e06-fd97-493b-a101-ca22743dd255,1.86,0.63,9.37,Saturno,Tierra
752a4387-edae-4898-86ad-00e08a18809d,0.83,0.46,7.84,Saturno,Tierra
ce03a3ce-04f7-4f27-ab01-c47e8ab73e6d,2.15,0.45,21.23,Tierra,Saturno
1a7d96bf-8519-4cac-a25c-bc0224388152,1.5,0.53,10.68,Tierra,Saturno
2299e2bc-b073-43f7-91e0-374ef0f46d1d,2.17,0.59,12.47,Tierra,Saturno
c5e05f1d-e29e-45ad-8f5a-db5f1153ae2c,1.11,0.63,5.59,Saturno,Tierra
3f62eab9-4c34-4f86-85f9-48733e424302,0.87,0.64,4.25,Saturno,Tierra
404c208a-ec5e-4b31-9f1f-89fa8400c709,1.69,0.58,10.05,Tierra,Saturno
bc2a5253-2765-4823-b269-3b966ecce959,2.01,0.67,8.96,Saturno,Tierra
e1b4ec9d-0ce3-4f97-8aca-5f381f4e9079,1.96,0.41,23.32,Tierra,Saturno
ac06def4-53bb-413a-b627-4f158787c5e9,2.14,0.55,14.15,Tierra,Saturno
043fbd99-15a4-4964-8582-168f4c78301b,1.03,0.67,4.59,Saturno,Tierra
e3a27579-505b-4cb3-ad71-d7c88fa71f1d,0.98,0.49,8.16,Saturno,Tierra
064b981f-6d04-4107-acbd-fdfdc6a0da7e,1.01,0.62,5.25,Saturno,Tierra
7ca8750d-8189-46c4-9f14-13f8e5dfbe67,1.14,0.57,7.02,Saturno,Tierra
7301cd4a-1b13-4b1b-9aa6-75f262ecf064,1.89,0.52,13.98,Tierra,Saturno
80985f9e-9ee2-4200-8558-400477979674,2.28,0.58,13.56,Tierra,Saturno
251edbc6-99a1-40e6-be07-36b3460fae1e,1.61,0.53,11.46,Tierra,Saturno
4cdd4092-5de4-441e-853b-831f8ada5cbe,1.12,0.59,6.43,Saturno,Tierra
9760fc69-b42b-4158-afaf-44249229012c,1.71,0.63,8.62,Saturno,Tierra
93339018-db6a-49e7-88e8-ad883b998b87,1.84,0.56,11.73,Tierra,Saturno
1524c535-e432-492f-9948-b939426364a6,1.65,0.54,11.32,Tierra,Saturno
cbcd63ba-54a3-4a20-9e48-565104b2299e,1.92,0.52,14.2,Tierra,Saturno
a81e98c8-d197-4071-9688-5e6ad91a5ec4,1.05,0.62,5.46,Saturno,Tierra
96dd533f-5f4b-4c8d-8d3f-35a3f3a43706,2.34,0.55,15.47,Tierra,Saturno
8dccb5ff-83c5-4fb9-8875-f5c1e000eea7,2.37,0.51,18.22,Tierra,Saturno
198f065d-f118-44fc-be99-4d50037a4f47,1.3,0.54,8.92,Saturno,Tierra
d2e62f78-1747-4576-897a-c684de86514e,1.12,0.61,6.02,Saturno,Tierra
3305267b-2a6d-4302-9166-0b94c6b76959,1.98,0.55,13.09,Tierra,Saturno
5f05f781-84e3-4842-b1c4-4bf902e2c536,1.38,0.57,8.49,Saturno,Tierra
bd0fcdc7-f280-46ce-8fb8-974072a9ca36,1.89,0.64,9.23,Saturno,Tierra
d7d2b7ee-1530-4098-8e23-c3968eaa59e6,2.3,0.65,10.89,Tierra,Saturno
51b6b0fa-264d-4531-946a-0f13a748c47b,1.95,0.64,9.52,Tierra,Saturno
49022077-bee2-40d1-952d-86c0cafbc790,1.79,0.48,15.54,Tierra,Saturno
6949d4cd-c80c-4489-8f8b-b408c2ea032c,2.2,0.68,9.52,Tierra,Saturno
8e70f68c-4c22-4c88-90d7-5ea8a0196450,1.21,0.55,8.0,Saturno,Tierra
60e1f1fd-ff0f-4f49-9f70-6a73c2d2d452,1.8,0.49,14.99,Tierra,Saturno
b4b5973b-50ce-48d1-8e64-df34aec18082,0.95,0.43,10.28,Tierra,Saturno
ae5fd51a-54c6-48dd-89f6-2b6dc9078b1b,1.93,0.47,17.47,Tierra,Saturno
526b0068-4ad7-483f-bd04-6e3405aaa848,0.82,0.52,6.07,Saturno,Tierra
9ff2497c-9ed2-4b38-81b2-9f7ffeb006f7,1.19,0.64,5.81,Saturno,Tierra
4a92d9ca-106f-4f81-a039-7e7a91b0266d,1.43,0.56,9.12,Saturno,Tierra
afb7364c-ce96-4ac9-a318-1db48b706270,2.29,0.63,11.54,Tierra,Saturno
c6cab840-97c5-4d58-909b-f509fa5365b5,1.84,0.68,7.96,Saturno,Tierra
fbf34382-7414-416f-bd0c-c3d3b14bb1d2,2.26,0.49,18.83,Tierra,Saturno
650e5067-0d0e-4f52-980e-ca5ce78b1c21,1.72,0.44,17.77,Tierra,Saturno
81ae86ab-859b-4490-b623-cb1d2aa257fe,1.85,0.41,22.01,Tierra,Saturno
cf33b56e-da63-4215-a52b-bb3a5c02b3fa,2.42,0.57,14.9,Tierra,Saturno
38225592-8681-49b8-8270-c9911ed95b9a,1.22,0.65,5.78,Saturno,Tierra
2ef1b582-958b-4491-9840-1f4b512df1bc,2.18,0.54,14.95,Tierra,Saturno
92cd763f-72f8-43bc-ac2a-4980bb480cc2,0.98,0.45,9.68,Tierra,Saturno
9e278443-652b-4a46-8264-4147f0b312a2,2.02,0.48,17.53,Tierra,Saturno
fa694df5-6154-400c-a981-b5c36bdab1b3,1.32,0.45,13.04,Tierra,Saturno
0282b571-e76a-45b9-ab8c-a682743afb1a,0.94,0.51,7.23,Saturno,Tierra
e15b3843-14c9-4cf8-b096-96aa9688a8c5,1.32,0.66,6.06,Saturno,Tierra
7072e4e4-6f2b-44fb-b7f0-b56e991ee5e3,1.46,0.62,7.6,Saturno,Tierra
bae5867e-0c15-4b02-99fc-ac5ef77b80ea,0.91,0.53,6.48,Saturno,Tierra
35cb678a-3343-4bd7-a28d-69d02d7416d6,2.07,0.62,10.77,Tierra,Saturno
7c1ddc86-c1da-46f9-a52c-4e576cd91a50,1.6,0.65,7.57,Saturno,Tierra
6e71ef78-6011-4201-a306-d212b18f6dad,2.15,0.51,16.53,Tierra,Saturno
1d7a604a-9437-4833-aadd-028b1b9301c4,2.37,0.49,19.74,Tierra,Saturno
aa0c9e3b-a3c9-4407-8d23-df70fc84c3e6,2.31,0.41,27.48,Tierra,Saturno
b3d7e916-3084-413c-be9f-c17a65ebc227,1.65,0.4,20.62,Tierra,Saturno
2a6be7ab-5dba-40c3-b798-321cd1c9aa7f,1.78,0.43,19.25,Tierra,Saturno
84a3d95d-7efc-4a1a-87db-c1c69c909788,1.3,0.59,7.47,Saturno,Tierra
80ce9f20-4288-4f64-a6d3-c37de5345519,1.15,0.5,9.2,Saturno,Tierra
67da616e-2153-40ea-b528-f499f71de348,2.32,0.65,10.98,Tierra,Saturno
d1f98b70-a604-439e-9e22-0f597af5f579,1.37,0.43,14.82,Tierra,Saturno
4627e8de-8e11-441b-9a78-cc889252af07,1.87,0.61,10.05,Tierra,Saturno
e2ea1946-8024-4f8f-bb36-ca8aa0464d51,1.84,0.7,7.51,Saturno,Tierra
0b8175bd-9e36-40b6-adea-5a1bb8b3758b,1.25,0.57,7.69,Saturno,Tierra
ec2cdc59-7071-4006-9bc9-7837db61d425,0.93,0.55,6.15,Saturno,Tierra
c2c9b31d-7cd2-4ea4-a479-ab288f198ae3,2.3,0.54,15.78,Tierra,Saturno
7c1bf914-8583-4cb3-8fde-be9a2c7a25b4,1.33,0.62,6.92,Saturno,Tierra
4857de26-d1b1-49b9-a3ad-df3c5213f1e6,0.92,0.51,7.07,Saturno,Tierra
5654e9a4-8670-4d4f-bfd8-5a0c8c63a4fe,2.02,0.45,19.95,Tierra,Saturno
9fb43096-4a23-406a-a185-3391e5164f0c,2.48,0.51,19.07,Tierra,Saturno
de1c5b19-3b06-418c-848e-1bcb1e5ca1ee,1.86,0.66,8.54,Saturno,Tierra
44022626-5f45-4817-a6e9-f27b08fb1d9f,1.12,0.58,6.66,Saturno,Tierra
a4f5916a-8d11-483a-948f-8e53a84128ef,1.75,0.66,8.03,Saturno,Tierra
134a96d2-c405-4948-82cc-66a5c3f851e4,0.88,0.56,5.61,Saturno,Tierra
448a4fa4-8850-4f72-99c8-7805422a5777,2.11,0.52,15.61,Tierra,Saturno
8a9649db-cbc5-4bde-a003-414feba9dc52,1.35,0.6,7.5,Saturno,Tierra
38497d26-cd6e-4cd4-bda4-66166ccb5069,2.13,0.56,13.58,Tierra,Saturno
2f068344-88c7-460a-bcf9-3239d2edc011,1.88,0.65,8.9,Saturno,Tierra
6aa76300-495f-4320-9d36-a49e2f4c16a8,2.12,0.67,9.45,Tierra,Saturno
4ae9841a-adce-446b-9da6-467ccb59756c,2.14,0.68,9.26,Saturno,Tierra
9082e838-ce5c-41e6-9aec-894c019b8bf6,0.95,0.43,10.28,Tierra,Saturno
04c09c57-f716-4366-bfbf-bfaae03141b4,1.98,0.54,13.58,Tierra,Saturno
68a01ebf-a037-48df-8c06-6a594456dec4,1.82,0.54,12.48,Tierra,Saturno
c3610177-e17e-46be-8f90-96f804e4c177,1.16,0.57,7.14,Saturno,Tierra
be99e268-56c8-4417-9d05-271a8729d4e6,2.24,0.6,12.44,Tierra,Saturno
54579530-56fb-48cf-aa02-c35a8990ce81,1.57,0.4,19.62,Tierra,Saturno
6727b3ba-f75c-4d80-9fac-fe1bdfd779c8,2.26,0.41,26.89,Tierra,Saturno
134a2cbb-d512-4de7-a0a4-47f9bc1e9e1e,1.35,0.4,16.87,Tierra,Saturno
4c1946c5-485b-40b0-910c-39fccc7b36a4,1.59,0.6,8.83,Saturno,Tierra
ac3f0572-e4b7-445d-acd8-34481f5ee6c6,1.31,0.58,7.79,Saturno,Tierra
524e24b6-8296-469f-bfa5-b170d9e177b1,2.16,0.5,17.28,Tierra,Saturno
d1ec8541-5bcf-4276-b1fc-5a9e7c81efe2,1.27,0.47,11.5,Tierra,Saturno
1cf57c08-a449-4ae4-8ddf-a8484244fc5c,1.28,0.41,15.23,Tierra,Saturno
8d8b58e8-d4e1-4d9f-a1f5-73b4d4167634,1.36,0.42,15.42,Tierra,Saturno
9334b669-e027-4212-b20b-fa1226c7b47f,2.08,0.67,9.27,Saturno,Tierra
1b5f636d-c178-4e33-9d21-6c1a4483f46c,1.53,0.46,14.46,Tierra,Saturno
199f957f-179f-4f21-90d9-17134e62ca6b,2.28,0.55,15.07,Tierra,Saturno
9e9d1b81-7751-4c15-aa5a-f7fe6e15b195,1.11,0.6,6.17,Saturno,Tierra
da183d5e-36cb-408c-b670-91223ef8132c,1.57,0.41,18.68,Tierra,Saturno
e646d63b-55a6-47ff-b964-763e6c910675,0.84,0.67,3.74,Saturno,Tierra
2de235cd-fc70-4005-86b2-e67802ae41c3,1.97,0.46,18.62,Tierra,Saturno
110723f7-c10a-4f46-8a79-11d13c15f827,1.33,0.6,7.39,Saturno,Tierra
4e700ec2-8fb1-4819-a994-069dcc7545b5,1.88,0.7,7.67,Saturno,Tierra
40369ecd-e454-46dc-9d3f-5a98a9c6290d,1.8,0.54,12.35,Tierra,Saturno
306d835c-01ac-4b92-a7a6-b6ce62311c6c,1.9,0.57,11.7,Tierra,Saturno
860040c7-89fe-468a-b6d4-b441146df910,1.82,0.61,9.78,Tierra,Saturno
3d87632c-591d-4c7d-8dbb-04b3b3dcea52,2.46,0.55,16.26,Tierra,Saturno
95bd5063-9790-4e1e-a1b0-56a5ba7541eb,1.35,0.47,12.22,Tierra,Saturno
7b06f059-abc3-43f2-aa0b-86c1828f07f7,1.97,0.51,15.15,Tierra,Saturno
1657a3ff-2f56-41d1-acb6-0ae4bfbbbe33,0.82,0.56,5.23,Saturno,Tierra
8d1639aa-fdd9-408a-a126-3a21748ad2fb,0.8,0.61,4.3,Saturno,Tierra
e4508ef4-2d7d-46fb-b44d-1b349e5934da,0.97,0.42,11.0,Tierra,Saturno
acabe3e5-d278-4e73-8336-8701a68e2b3c,2.26,0.7,9.22,Saturno,Tierra
a9837c50-ef45-4cd6-9767-f34240d11c7d,1.32,0.41,15.7,Tierra,Saturno
8f89be5e-6cc8-4d88-9406-14c1c6960239,0.98,0.68,4.24,Saturno,Tierra
eae2c522-0b3d-4706-b36e-8542e7cb062b,2.07,0.63,10.43,Tierra,Saturno
510484dd-7993-4407-91ee-6dad015dea7b,1.06,0.64,5.18,Saturno,Tierra
fde7bb1f-1d38-4ca2-938d-1855d5d1150b,2.05,0.42,23.24,Tierra,Saturno
92a47c2f-ed00-4653-8d6e-6a72cd65d0bf,1.16,0.68,5.02,Saturno,Tierra
acd0e9b0-aa3a-43bd-a7fc-cbd8ab71175e,1.1,0.52,8.14,Saturno,Tierra
54ce6d07-9e33-4ad3-8dbe-40c493170b0e,1.46,0.6,8.11,Saturno,Tierra
fadc05ac-cfd7-4589-a67e-f72da7f883d8,1.61,0.45,15.9,Tierra,Saturno
804a44a2-d6fc-4598-98df-c98e5f90d1f5,1.85,0.63,9.32,Saturno,Tierra
6f4a0313-1717-4e90-ab72-74860e815dd1,1.43,0.5,11.44,Tierra,Saturno
1fb369ab-ba50-4c6b-875b-5abba2b65706,1.91,0.4,23.87,Tierra,Saturno
faa924a4-0eba-4ece-923f-9b22c3676369,1.2,0.42,13.61,Tierra,Saturno
2c18d583-0f4f-4fa3-aa92-09c58ae3df5e,1.31,0.41,15.59,Tierra,Saturno
2645a835-d63e-4fc5-8699-91b7b9d07ea4,2.11,0.67,9.4,Tierra,Saturno
9b759c60-bef2-4216-8bc4-19e38d90cfc0,1.17,0.5,9.36,Saturno,Tierra
a92d328f-1e2e-49e0-8a8a-812b888b870b,1.84,0.53,13.1,Tierra,Saturno
1b7d4534-f0a6-4c01-807f-838e13995a0a,1.42,0.48,12.33,Tierra,Saturno
eb625312-e112-4fda-bc7d-5fc9635bdd7f,1.3,0.54,8.92,Saturno,Tierra
98c3e228-49b7-454b-85e2-0943e0a28f12,1.79,0.69,7.52,Saturno,Tierra
67754b96-980d-4335-aaec-a3c0f9621106,1.12,0.6,6.22,Saturno,Tierra
2b9757f7-13a7-4773-8c13-22fd9058b2e2,2.44,0.61,13.11,Tierra,Saturno
05d95c10-169f-4d99-9502-6ef457639442,1.27,0.68,5.49,Saturno,Tierra
79147cd1-59ec-4a6d-b083-caee8718bf88,2.41,0.43,26.07,Tierra,Saturno
7bde861d-0542-46ac-82ce-61f3d78e9d61,1.93,0.68,8.35,Saturno,Tierra
45a04465-f399-492c-9332-31b9d6250309,2.29,0.52,16.94,Tierra,Saturno
e14276b8-bcab-43b5-b672-3558ae64a92b,1.21,0.43,13.09,Tierra,Saturno
8c995be9-2b22-47f5-aba7-af319b17bd3c,1.13,0.4,14.12,Tierra,Saturno
d0d0a7ed-992a-4408-a548-b8c1661a2891,0.96,0.54,6.58,Saturno,Tierra
90345f4c-f14d-410e-abff-d19943709a2a,1.46,0.68,6.31,Saturno,Tierra
b09d2f10-aed5-4d53-9c74-60ead6d4a206,1.46,0.68,6.31,Saturno,Tierra
5e59be07-6d07-4d68-9632-8f470a79dac1,2.46,0.4,30.75,Tierra,Saturno
ce481950-bb32-45ca-b95e-abff1a14211c,0.84,0.68,3.63,Saturno,Tierra
f15a3678-6a47-4bbb-9aa6-de05f8c9a452,1.53,0.5,12.24,Tierra,Saturno
749f9c59-ab1e-4282-812b-c007eeed2c97,2.44,0.55,16.13,Tierra,Saturno
7fbb9547-c248-4f41-a7a6-f4c54f9ce710,1.08,0.45,10.67,Tierra,Saturno
e2f9db0b-189a-479c-966f-08c2c7274347,1.84,0.48,15.97,Tierra,Saturno
fd263ce7-c13a-40ab-89ea-07e4726c527e,1.24,0.55,8.2,Saturno,Tierra
24276822-3bdc-45f4-a5a2-f0fe85c4153e,1.14,0.61,6.13,Saturno,Tierra
ed9f574d-7fd6-4f16-bda6-47717995ef74,0.89,0.49,7.41,Saturno,Tierra
b2124fa8-2e3a-4c52-ab6c-972854f3874b,1.36,0.49,11.33,Tierra,Saturno
48a0d93a-45f1-4661-875b-835bf1658d35,2.21,0.47,20.01,Tierra,Saturno
092e9917-6301-49e8-bb2c-20398a1896b7,1.42,0.66,6.52,Saturno,Tierra
a788297f-76d3-4b5b-86df-17fb39549c6c,1.88,0.68,8.13,Saturno,Tierra
916af02d-0179-4407-8396-3381f618ed9d,1.33,0.48,11.55,Tierra,Saturno
170e816f-1446-4196-87b0-d97f0d699b19,2.43,0.69,10.21,Tierra,Saturno
71eb6fc4-fbe6-441d-a466-d04f82b54d52,0.88,0.42,9.98,Tierra,Saturno
735dbb4d-9cfe-4234-b58d-edec621f2767,1.94,0.69,8.15,Saturno,Tierra
5472e97c-1c9d-4fa1-a022-eee3f08e8507,2.38,0.7,9.71,Tierra,Saturno
4e0087e4-25a6-45a8-9390-79fb5559a602,1.48,0.57,9.11,Saturno,Tierra
9e54294c-da90-463a-bf1f-5a677ebbfa64,1.29,0.43,13.95,Tierra,Saturno
35557ec0-b1ea-447a-8c79-868244b0efc1,2.22,0.47,20.1,Tierra,Saturno
19a4d873-d764-489d-9f16-881b3a6c13b8,2.33,0.5,18.64,Tierra,Saturno
b97dde82-c548-4e38-9a58-231c23ec2c62,1.58,0.62,8.22,Saturno,Tierra
d5a3083e-e2de-4783-b662-6217ff9015ad,2.33,0.48,20.23,Tierra,Saturno
29e5675f-1cfe-4047-8411-6b4098fe1b76,1.24,0.6,6.89,Saturno,Tierra
90aa4ab5-4b38-4022-bbed-3b817c836efc,0.81,0.52,5.99,Saturno,Tierra
5d391c0b-3f24-44c7-ab1b-c859392612ee,1.39,0.58,8.26,Saturno,Tierra
00ac2b33-026f-45c3-988c-725437cda95b,0.83,0.44,8.57,Saturno,Tierra
f97b5d0c-aa2c-4db6-bc43-8dd37e08f3ff,1.58,0.52,11.69,Tierra,Saturno
a1806a8c-4242-4b48-9076-4b583b57103c,1.32,0.55,8.73,Saturno,Tierra
78669e73-fb10-40e4-bfe0-1bb049ba8836,0.84,0.64,4.1,Saturno,Tierra
82cb3787-d8a6-4330-83fa-0530ccd00baf,2.15,0.6,11.94,Tierra,Saturno
3ae3b009-ab09-45e6-94ef-30d2148589eb,1.76,0.54,12.07,Tierra,Saturno
d3409db1-d032-45e5-a623-e45b4eae3ea6,1.44,0.6,8.0,Saturno,Tierra
5f5ecac1-406e-4b20-a370-fe9d42bc8dd9,1.74,0.49,14.49,Tierra,Saturno
67d8bee8-6fdb-4a4d-8950-438d72cd7594,2.3,0.59,13.21,Tierra,Saturno
8d08627d-a9d0-4271-9125-0dbf959eb6b2,1.65,0.41,19.63,Tierra,Saturno
337c3931-eca5-42e5-8fa3-da8fa16bb33a,1.38,0.56,8.8,Saturno,Tierra
016b81f7-6a6a-4106-87f6-5e2062e11610,2.07,0.59,11.89,Tierra,Saturno
0a1434b7-48eb-4e30-9b9e-3c1b68186f5b,1.42,0.5,11.36,Tierra,Saturno
fa3099db-fbd6-4490-918d-89e95b4d3ecc,1.53,0.59,8.79,Saturno,Tierra
668d2593-5a1e-4998-b302-bce6500f4806,1.37,0.63,6.9,Saturno,Tierra
28630990-c187-4567-9014-51d6f6abc135,1.62,0.55,10.71,Tierra,Saturno
76fb114f-51c1-499d-99f1-94eb7e0afc9b,1.7,0.53,12.1,Tierra,Saturno
7bacc1bc-4aab-4d99-ad24-945ba965d23c,1.84,0.67,8.2,Saturno,Tierra
0b35d99a-b40f-4b12-a0c2-dd19e4cd3a41,2.2,0.59,12.64,Tierra,Saturno
c2c1af12-4258-4ba3-8f7b-b2ecaeed04fa,2.46,0.41,29.27,Tierra,Saturno
f15fad54-7271-4257-b5e8-c61ff1db6bb6,1.22,0.49,10.16,Tierra,Saturno
00b8e5e9-b3f5-4cab-864f-95b936391a24,1.16,0.46,10.96,Tierra,Saturno
52ab7e09-263a-4825-8a0b-c568840bbd84,1.63,0.62,8.48,Saturno,Tierra
403c88ed-8755-41e4-9d43-7ae4db2e0464,2.13,0.55,14.08,Tierra,Saturno
6f2622cf-ec70-4838-b51e-82bf0ab6c1d2,1.87,0.5,14.96,Tierra,Saturno
16603977-ea94-4ad5-bebc-557fe443d4ec,2.49,0.48,21.61,Tierra,Saturno
2dd9955a-306e-4d99-9af3-26c4522349df,1.56,0.42,17.69,Tierra,Saturno
784f54a4-1dcf-4635-a523-973389a136df,1.41,0.48,12.24,Tierra,Saturno
327e2deb-8d7b-4059-b953-5c0848951dcf,1.28,0.5,10.24,Tierra,Saturno
72b8355a-75c9-4a69-a9d9-4416eb233850,0.96,0.47,8.69,Saturno,Tierra
bcbc7ebc-402c-49ed-aa3c-41838527c9da,1.05,0.4,13.12,Tierra,Saturno
1af6a3ae-3f85-4b8b-a7c2-994e86a2c270,2.37,0.54,16.26,Tierra,Saturno
7974d4ea-d162-4b3c-aede-c3b1ebb17b8e,1.22,0.53,8.69,Saturno,Tierra
498e750e-20b7-4c66-b135-57d0a11a758b,2.0,0.61,10.75,Tierra,Saturno
32ff3034-268a-46a8-8831-981cc1fd654a,1.91,0.66,8.77,Saturno,Tierra
46d6532a-942d-4a8b-abd2-c10d6cf20755,1.22,0.58,7.25,Saturno,Tierra
0d7d333e-e430-4b22-9689-2a890d616848,2.43,0.6,13.5,Tierra,Saturno
92dc1e36-831e-429e-9cdf-f0762c60666e,1.49,0.62,7.75,Saturno,Tierra
967d0d02-b528-42a3-a695-67103fcfdef5,1.94,0.55,12.83,Tierra,Saturno
17a0f923-4197-405c-b6d1-4952c1d48ad3,2.26,0.46,21.36,Tierra,Saturno
08508d2a-1404-416b-b0a4-80fa891c9fad,1.84,0.64,8.98,Saturno,Tierra
54922302-0d22-4785-b255-2f2b7296592a,1.51,0.59,8.68,Saturno,Tierra
2c022d78-b67e-4c78-8823-d23c3919015b,1.62,0.66,7.44,Saturno,Tierra
4923b1c5-516c-4e2c-9f66-75e3086dc45b,2.29,0.53,16.3,Tierra,Saturno
355b3102-c0da-499f-b08f-fc32a2ed0548,1.28,0.45,12.64,Tierra,Saturno
08f03cd5-617c-45e6-af9b-61cdc2462ca6,0.96,0.61,5.16,Saturno,Tierra
7baa1027-a4a9-47db-a8b3-e928bdce9f77,2.48,0.57,15.27,Tierra,Saturno
9264a697-82ba-4130-beec-697e9ec757f0,1.51,0.51,11.61,Tierra,Saturno
fc89e39f-0052-4fd7-b8f6-48e863ed0514,2.27,0.67,10.11,Tierra,Saturno
2e0748be-5d36-4ebd-b2ee-e6a86bc8c170,0.84,0.48,7.29,Saturno,Tierra
de3cc030-cbef-4c30-b307-380914b79163,1.07,0.44,11.05,Tierra,Saturno
b815a0ad-7b5d-4744-80e4-ca1dbbdd5b96,2.09,0.66,9.6,Tierra,Saturno
137894e4-2727-4684-a420-d0814edbb017,2.26,0.56,14.41,Tierra,Saturno
466af2fe-4a38-48c9-b098-29bb76ea2c48,1.96,0.46,18.53,Tierra,Saturno
259117c4-b6fc-42ad-8598-eaa6eae58105,1.42,0.69,5.97,Saturno,Tierra
5ef1cc8b-36cb-40e2-a710-edcec010380a,2.03,0.44,20.97,Tierra,Saturno
5417f85b-d7f9-4ca8-8c6a-133e4d7d4c60,1.7,0.56,10.84,Tierra,Saturno
4c375e34-7c3e-48b5-8427-7127a4f239ba,2.0,0.56,12.76,Tierra,Saturno
75f77d2a-1ae1-49a3-8f3c-3896a4ef603a,1.79,0.55,11.83,Tierra,Saturno
89fdb232-062e-4da4-b101-18ab894aa2a5,2.13,0.66,9.78,Tierra,Saturno
e8ec0684-3665-4085-8d2e-fd753d2ac665,1.74,0.62,9.05,Saturno,Tierra
27b357f3-cc65-45ff-9dd2-d46a206f64aa,1.92,0.46,18.15,Tierra,Saturno
dac9bc8b-0374-4e27-a386-6918415f2fb4,2.13,0.5,17.04,Tierra,Saturno
10745636-753e-45f3-8340-0c429774cd27,2.19,0.62,11.39,Tierra,Saturno
8396e80a-3c3a-4148-ab2f-c27c86b95f6c,2.25,0.5,18.0,Tierra,Saturno
cba871e3-83b8-40b5-8bf1-4e3fa661627a,2.07,0.46,19.57,Tierra,Saturno
fdde97bf-4884-4124-bc06-35dcfdd42aa8,2.1,0.56,13.39,Tierra,Saturno
5675bfdb-5549-4737-91f5-2c1162a17c2a,1.54,0.66,7.07,Saturno,Tierra
94b5e3e6-b325-493a-8a67-d635a9137a17,1.28,0.55,8.46,Saturno,Tierra
e609abe6-bf1b-4e93-ab09-f213a5d7722d,0.93,0.41,11.06,Tierra,Saturno
80fc232d-83a2-4eed-83ba-6d3aa24a9575,1.03,0.54,7.06,Saturno,Tierra
bc8f3a39-55e8-40b3-a0dd-52c3fed2976a,1.27,0.48,11.02,Tierra,Saturno
3bcb03b6-8fc3-4945-9e4b-9b4c62683ea1,0.84,0.7,3.43,Saturno,Tierra
cb6ede76-bc8f-49f3-a525-6c771a872260,1.97,0.48,17.1,Tierra,Saturno
0f9a2579-ea2c-4fa2-a0c9-a0f04307cdec,1.85,0.49,15.41,Tierra,Saturno
287a38f7-f983-4465-b7a8-4c663689fece,2.41,0.47,21.82,Tierra,Saturno
45ea219c-28cc-44c5-8099-f558d02a5b41,1.88,0.61,10.1,Tierra,Saturno
17218af3-ebb5-4e7d-9c10-fdb4fe6f89e8,1.84,0.45,18.17,Tierra,Saturno
4a24f421-ae97-4327-94ee-20fec78f706d,0.81,0.49,6.75,Saturno,Tierra
0cde923e-b0b7-4395-9bff-1e996715d42e,1.5,0.51,11.53,Tierra,Saturno
5251e7d2-b777-4b62-995d-bd59bc1a7ed2,2.17,0.7,8.86,Saturno,Tierra
e7f0d041-c545-45db-bd4c-489469634d72,2.25,0.58,13.38,Tierra,Saturno
f4b69ffa-2dfa-454b-8d83-5ef9a7234dac,1.11,0.41,13.21,Tierra,Saturno
52f7fae2-fceb-40fa-83fc-926213039a2e,1.94,0.51,14.92,Tierra,Saturno
35527a0a-0e39-4325-8046-f8d565454f90,1.62,0.7,6.61,Saturno,Tierra
0851b39d-ab20-49a6-bfe2-3a7a2a10bb7b,2.45,0.67,10.92,Tierra,Saturno
3f35740a-3951-4cb2-8a58-fe4691bca268,1.18,0.5,9.44,Tierra,Saturno
10536e3b-63c3-424c-8864-060c2fc05a80,1.54,0.43,16.66,Tierra,Saturno
7e0631da-227f-4aec-b0b5-2fe39735b311,1.05,0.61,5.64,Saturno,Tierra
dcd16175-e1ae-41f6-881d-1196d5feeb2a,1.45,0.52,10.72,Tierra,Saturno
b395c68b-8450-4253-894a-ac6af2d7839b,1.04,0.66,4.78,Saturno,Tierra
9597d337-b9bf-4582-a3c5-0b2f914170ee,1.98,0.66,9.09,Saturno,Tierra
69a3b7d2-7019-451f-abbb-8c1361af21ff,1.3,0.43,14.06,Tierra,Saturno
8838d2d6-bf78-4cf3-942b-33256276e957,1.17,0.58,6.96,Saturno,Tierra
97831203-b580-491d-8636-afd63e24886c,1.73,0.56,11.03,Tierra,Saturno
0d66b410-3382-4583-9764-f587fa865120,1.11,0.42,12.59,Tierra,Saturno
0abebbca-c598-4e5d-9d9d-fdc5ddaef95e,2.18,0.41,25.94,Tierra,Saturno
70733abe-ee49-4442-a723-d994b73956b2,0.81,0.52,5.99,Saturno,Tierra
1870a086-56c7-448f-8dd9-0df89ba51f93,1.12,0.44,11.57,Tierra,Saturno
dd2e3aa7-9bd9-4350-977e-dbe5030f6d5e,2.49,0.63,12.55,Tierra,Saturno
2b70db39-3e03-4209-baca-d661af5f7961,1.24,0.7,5.06,Saturno,Tierra
3df3beb4-735b-4885-afd1-dfac320858b1,1.43,0.45,14.12,Tierra,Saturno
2c35337a-5775-45ce-9bfb-e7b11422f4f8,0.88,0.59,5.06,Saturno,Tierra
1a9a5def-709b-4f28-b37f-4867791164dd,1.46,0.41,17.37,Tierra,Saturno
251b06c5-1005-464d-a469-e0dd2873340a,2.05,0.54,14.06,Tierra,Saturno
655f9e46-da71-4b3b-ad94-77c9f4d90af6,2.32,0.53,16.52,Tierra,Saturno
d7cc33bc-56a0-4a93-9ec7-4d362d886fe1,2.17,0.44,22.42,Tierra,Saturno
e39bdeff-c0b5-49ca-a9f0-5d646ef68ce9,1.77,0.4,22.12,Tierra,Saturno
08e503c4-c21a-420e-9a61-afe1f38bc56b,2.36,0.5,18.88,Tierra,Saturno
60fdec15-0d6a-4583-9fc5-794a5999d650,2.46,0.49,20.49,Tierra,Saturno
64c8f0b4-81e2-4ad2-9a58-7728749b4b64,2.36,0.5,18.88,Tierra,Saturno
c4dc2551-8811-47ef-a1fd-155562d677cc,1.57,0.4,19.62,Tierra,Saturno
40b61040-66c2-4b55-b2b9-e9127ef7dab6,1.37,0.59,7.87,Saturno,Tierra
739863fd-12aa-49ea-8cd5-a17ff1c6755c,0.96,0.47,8.69,Saturno,Tierra
6300c7b7-8092-407f-a6c3-61ff36ea6c10,2.19,0.62,11.39,Tierra,Saturno
f3e0c3d2-7ea6-4382-ae3a-c481ba187d1e,2.15,0.44,22.21,Tierra,Saturno
6297c697-3231-4ded-b9e5-b950de52b694,1.59,0.69,6.68,Saturno,Tierra
ee11151a-19ae-4991-ad67-ec566d9618cf,2.0,0.55,13.22,Tierra,Saturno
056648c0-9e49-4068-bd1e-beba09453c7b,0.98,0.7,4.0,Saturno,Tierra
9f116b73-c54b-442b-9ad4-184b182b9b4f,1.92,0.58,11.41,Tierra,Saturno
b7c9d8de-3dcb-4a6a-8521-dd22ec665f51,2.34,0.67,10.43,Tierra,Saturno
d77c0afc-ceae-4a47-9a93-03690438ce17,1.93,0.59,11.09,Tierra,Saturno
7761660c-0702-4375-b2bc-4a0a3599dc4c,0.83,0.57,5.11,Saturno,Tierra
f0c7356a-5690-43e3-a69f-c58e0f95a38b,1.52,0.61,8.17,Saturno,Tierra
21811cc6-86e1-41c3-ad64-6ffad5e0cd3f,1.89,0.46,17.86,Tierra,Saturno
8698d2fc-ec15-4520-9c33-f1215fbfa0e6,1.49,0.46,14.08,Tierra,Saturno
743a0d5b-19f2-4cfd-bd46-afa5297e0bce,2.07,0.65,9.8,Tierra,Saturno
0c6b7994-baec-4049-a294-48075ab6f74a,1.96,0.55,12.96,Tierra,Saturno
d3a41e74-bd03-4348-8bdb-15cce90dcbc5,0.98,0.47,8.87,Saturno,Tierra
6da16825-f9e1-43b4-8f67-cf717f0733f3,2.15,0.61,11.56,Tierra,Saturno
2449010f-d5af-496e-ac52-648e3f1a582c,2.11,0.52,15.61,Tierra,Saturno
4d61f7eb-27fc-43f7-8d60-032d6c11d690,1.93,0.6,10.72,Tierra,Saturno
36b1055c-78d8-41e0-b8af-a94c9e0b7221,1.77,0.65,8.38,Saturno,Tierra
e982c19d-d022-4cb3-be9e-2a78366e223a,2.33,0.5,18.64,Tierra,Saturno
628a671e-e2df-4e5f-b883-2ba49026d91c,2.16,0.54,14.81,Tierra,Saturno
37aeebe7-b8d9-4580-9483-5c90b5e66ff3,1.18,0.56,7.53,Saturno,Tierra
076b198f-1e92-4bb1-b18c-73d3ece10a15,1.68,0.58,9.99,Tierra,Saturno
1defa4aa-c7d3-496e-a3f3-abbb488f5468,2.38,0.5,19.04,Tierra,Saturno
952f15d0-0568-4071-9f52-58f962b45553,1.98,0.48,17.19,Tierra,Saturno
a4a414d6-190f-40d4-a027-e0f2d530459a,1.16,0.65,5.49,Saturno,Tierra
6fdb286b-8350-436c-aa6b-2dce0c1caa63,2.23,0.44,23.04,Tierra,Saturno
3cef2740-33bb-4ebe-8826-ed5c693f8de4,1.21,0.6,6.72,Saturno,Tierra
30eda394-8c01-4572-a890-a7261fa842da,1.57,0.4,19.62,Tierra,Saturno
7572725a-dabc-4377-8024-842532495d82,2.15,0.69,9.03,Saturno,Tierra
1080750c-154b-4b22-a014-f38294a82014,2.47,0.51,18.99,Tierra,Saturno
7d8501ef-2bfc-43e9-84c8-89044e2ae9c3,1.87,0.53,13.31,Tierra,Saturno
90c9c2ff-f75a-4da7-b79b-19b879dc6e53,1.97,0.64,9.62,Tierra,Saturno
f74b3e40-1cbc-4e73-ac86-4b0fb4cdc844,2.43,0.46,22.97,Tierra,Saturno
b97ba4b5-919b-4118-a30d-6ba8cf750f9a,1.59,0.42,18.03,Tierra,Saturno
b7856f33-30ab-4853-b76e-90c20c923217,1.08,0.67,4.81,Saturno,Tierra
dd6173f8-af03-45dc-a2e9-6435c2770cdd,2.24,0.69,9.41,Tierra,Saturno
415c5ab2-e3bf-476b-bb56-059d686ad604,1.53,0.61,8.22,Saturno,Tierra
5ad4632d-3ce7-4612-b86a-ade374ae9b72,1.03,0.43,11.14,Tierra,Saturno
5642764b-741f-4b71-89d4-1fbbb81195cd,2.16,0.64,10.55,Tierra,Saturno
e94ad1f2-4a46-43f5-b643-377ff406fe29,1.19,0.49,9.91,Tierra,Saturno
54f182f5-99f7-4405-9a81-36d07781dfe1,2.07,0.49,17.24,Tierra,Saturno
46740855-0ee9-4a93-8ced-8578b8ea22b2,1.14,0.63,5.74,Saturno,Tierra
a609ea85-4986-43e4-bdb7-91733cbcdb14,1.44,0.43,15.58,Tierra,Saturno
40c66da4-5c85-4bd6-8253-106235f64a8e,1.91,0.55,12.63,Tierra,Saturno
171767d1-3071-4997-8b50-a89e039c06c5,1.73,0.42,19.61,Tierra,Saturno
bb63e62b-6b62-474b-92fb-fc3577733203,1.39,0.51,10.69,Tierra,Saturno
bc1d6f01-b7e4-4162-9c35-869a1c29d130,1.41,0.57,8.68,Saturno,Tierra
5a2eb47a-0552-4ffc-9df8-c26d41cc03bf,2.2,0.67,9.8,Tierra,Saturno
8144bf1f-de9c-4ae3-ade6-3056eb5f1330,1.91,0.47,17.29,Tierra,Saturno
82c1c593-d78d-40bc-b633-cd3f6cf3cdc1,0.95,0.63,4.79,Saturno,Tierra
f68e6825-07b3-4807-bd5e-0dd440846823,1.56,0.44,16.12,Tierra,Saturno
fd4e130c-9b32-4191-8c0b-c83d61ffc3b7,2.4,0.42,27.21,Tierra,Saturno
9f48d20c-bb63-4b81-b4c7-4a1c02140395,1.47,0.54,10.08,Tierra,Saturno
b4998cab-ca92-415b-b4ae-0645bd850235,1.7,0.53,12.1,Tierra,Saturno
4942d43f-6144-4b1e-a93d-b99123257330,2.32,0.5,18.56,Tierra,Saturno
fdff7013-b247-44db-9c72-40133bbdc536,1.8,0.43,19.47,Tierra,Saturno
062e9296-d681-4b13-8390-3bbc69bd2409,2.48,0.61,13.33,Tierra,Saturno
f05cad2c-4333-45de-b24d-d70e9010c2c9,1.57,0.68,6.79,Saturno,Tierra
9e232c52-a526-4d10-a68a-bb9a53867588,1.27,0.61,6.83,Saturno,Tierra
96b6292e-93ec-420e-bcaa-52d1f6a6e072,1.76,0.45,17.38,Tierra,Saturno
186640bc-bbcb-4573-bccd-3d5a16d8dd1b,2.45,0.43,26.5,Tierra,Saturno
7e9d4df3-564e-4165-a009-3aded394d3a0,1.16,0.42,13.15,Tierra,Saturno
93e60423-91c4-427e-8fc3-8e0a0071d3aa,2.43,0.43,26.28,Tierra,Saturno
c6e7f004-0d44-44aa-a873-2be508c949c3,2.22,0.51,17.07,Tierra,Saturno
4cb47a75-0d25-4c6c-9dbc-69821b2d5efd,1.8,0.43,19.47,Tierra,Saturno
a9d18c84-d308-45d3-b40e-d69fed86f4b4,1.56,0.52,11.54,Tierra,Saturno
4f697fb8-eeda-48a7-a4b7-5d6efc1452ce,1.4,0.69,5.88,Saturno,Tierra
7bcb98f8-825f-45db-99d2-d0105c59904e,1.59,0.42,18.03,Tierra,Saturno
818e3ef1-1eea-4f74-8253-5e7f03214bc1,2.45,0.42,27.78,Tierra,Saturno
75b79cee-5c4e-456e-94b8-e39fc1371988,1.35,0.59,7.76,Saturno,Tierra
0dd50a87-9dc7-4416-a8a3-e96d7c259f03,1.4,0.43,15.14,Tierra,Saturno
a150af1b-108b-4b66-bd9c-dfd8b9fd5b18,0.98,0.67,4.37,Saturno,Tierra
e7990c43-96c6-4be5-8c25-b5b9566627dc,1.53,0.46,14.46,Tierra,Saturno
9caad866-a58c-454b-b8e6-1a8390f441cb,1.83,0.59,10.51,Tierra,Saturno
7395f49e-5868-4155-9cc4-f74b1d9595c5,1.82,0.56,11.61,Tierra,Saturno
40520e3c-3917-4b3d-8f22-b93fe7371853,2.15,0.55,14.21,Tierra,Saturno
98489510-6d83-451a-90d3-4d1cd1fc0847,1.17,0.46,11.06,Tierra,Saturno
db866cf7-2200-4efc-85a8-124bd995b880,1.84,0.45,18.17,Tierra,Saturno
480e2802-862f-44de-a136-147df04be042,1.75,0.56,11.16,Tierra,Saturno
749af142-1ffe-4520-8fc2-41976419cd12,1.96,0.62,10.2,Tierra,Saturno
22ec5e18-2232-43fb-8f90-9bda965be148,1.71,0.56,10.91,Tierra,Saturno
15a6cf0a-94eb-42da-9565-397b7ea478b2,2.31,0.42,26.19,Tierra,Saturno
51ac610e-895b-4358-8a58-5a087534de46,1.25,0.42,14.17,Tierra,Saturno
2e3968d7-6b6a-4d9d-abc2-94dabc8a1d6d,2.07,0.53,14.74,Tierra,Saturno
01599b7f-2df5-4454-8a77-215dbd606a8e,1.56,0.66,7.16,Saturno,Tierra
59c3e5dc-bc50-4b38-8a6b-abd6135891fb,1.08,0.68,4.67,Saturno,Tierra
f3fb4afc-d0d2-422c-9aeb-b256011b7e14,1.36,0.43,14.71,Tierra,Saturno
313ff40b-e06c-45fa-9419-c2614a28223e,1.02,0.46,9.64,Tierra,Saturno
2a5838d6-370d-4ec0-bf4d-e7a4234be3e7,2.45,0.52,18.12,Tierra,Saturno
f14cd81c-7787-4824-b15f-b22a15dfa63a,1.83,0.66,8.4,Saturno,Tierra
c820d89c-a42a-4af7-8bbe-8f69ae03d46b,1.81,0.61,9.73,Tierra,Saturno
f891c094-74c6-49fc-96b6-267182c2f284,2.33,0.56,14.86,Tierra,Saturno
9d18a781-1271-4f68-bac3-80a5c2a03835,1.53,0.51,11.76,Tierra,Saturno
2b27e8e9-6313-43f5-858f-a801f1cbdef7,1.84,0.67,8.2,Saturno,Tierra
58e3c866-27c7-4192-9880-c3e8150bf135,1.55,0.61,8.33,Saturno,Tierra
eed22852-95b0-41e7-8b1f-67b82412012a,1.57,0.44,16.22,Tierra,Saturno
8ee7f6ae-5bca-4840-b6b5-16611abb46c4,2.07,0.6,11.5,Tierra,Saturno
e8621f53-779a-4c49-995c-9d0474a2d903,1.48,0.6,8.22,Saturno,Tierra
36d6c807-15e9-466e-be9d-149ab02733dd,2.07,0.67,9.22,Saturno,Tierra
c101ff41-df3f-4123-9607-8a00913fd3bd,1.45,0.5,11.6,Tierra,Saturno
2de2000d-9c09-43f1-8a51-61b425b3b32f,1.65,0.52,12.2,Tierra,Saturno
39fa9bb9-2e0e-4a08-924c-5a96c8a707b5,2.44,0.58,14.51,Tierra,Saturno
1e641692-fc75-4d21-8829-1d6a43703111,2.15,0.41,25.58,Tierra,Saturno
65a79711-bdd0-4367-89bf-2040654af479,1.46,0.46,13.8,Tierra,Saturno
e9699c5c-1654-46b1-ac52-1ce2a9b118ff,1.34,0.48,11.63,Tierra,Saturno
7a3ec04a-b5c3-4ac0-bbd5-d85b443916f3,1.73,0.48,15.02,Tierra,Saturno
e8dcc8d2-ee8a-4a0c-a79a-f51d22b16ebe,2.33,0.56,14.86,Tierra,Saturno
a650b5d4-b164-48f2-b45f-61770065effd,2.48,0.63,12.5,Tierra,Saturno
74c65781-8217-4879-a78f-2ecc5ffa71f7,2.29,0.52,16.94,Tierra,Saturno
