ID,Length (m),Time (s),Calculated Gravity (m/s²),Most Likely Planet,Second Most Likely,Third Most Likely
6029e0be-02b3-489d-9b92-491089d1a2fd,2.07,0.64,10.11,Tierra,Neptuno,Saturno
b7fd4091-112f-4c5d-b0e4-317ccae8eb28,1.72,0.53,12.25,Neptuno,Tierra,Saturno
e188457a-6b6b-4d66-9af6-5559848b6c60,2.11,0.49,17.58,Neptuno,Júpiter,Tierra
97f1ec5b-6203-4bcf-b177-698569087646,2.3,0.55,15.21,Neptuno,Tierra,Saturno
919cf949-fed7-44b5-8921-b8ab850e5eee,2.24,0.6,12.44,Neptuno,Tierra,Saturno
98d128bd-b4df-4d39-852d-19da3f9d3652,2.02,0.48,17.53,Neptuno,Júpiter,Tierra
2329bdf3-b67c-474b-b980-7a130512090d,0.91,0.48,7.9,Urano,Saturno,Tierra
74e75664-9892-4f64-a3e0-860838daa3a4,0.88,0.63,4.43,Marte,Urano,Saturno
b5ecc503-c563-43a3-9b18-37c66dedd7c6,0.83,0.46,7.84,Urano,Saturno,Tierra
6e1ee160-24cd-4887-8dce-c4c72f77fc3e,1.03,0.68,4.46,Marte,Urano,Saturno
38e073fc-32ac-4edd-9d38-4d8861e5d16f,1.14,0.57,7.02,Urano,Saturno,Tierra
065fdbef-eea3-401d-adc2-b08db4d80965,1.31,0.41,15.59,Neptuno,Tierra,Saturno
68698ac4-60bf-4732-b955-c7d0f65f008c,1.01,0.61,5.43,Marte,Urano,Saturno
75c7de1c-a593-4e93-a466-73e5cd2cfc0e,2.01,0.42,22.79,Júpiter,Neptuno,Tierra
de8248f3-d31f-4517-a3e7-465d45f746c6,2.19,0.54,15.02,Neptuno,Tierra,Saturno
154762e8-421a-4fc3-80f7-df73f955b8d8,1.4,0.53,9.97,Tierra,Saturno,Neptuno
3038889c-96ef-4a21-95ba-aecf89dd7e6c,1.78,0.63,8.97,Saturno,Urano,Tierra
b7a9bb22-c30f-426e-869e-6c7bf3ac3d23,2.47,0.44,25.52,Júpiter,Neptuno,Tierra
b2805e97-80a2-4fab-b1b7-777b4da56216,1.34,0.46,12.67,Neptuno,Tierra,Saturno
e324204b-6299-440a-9a6f-ea7baaa9c44c,1.61,0.59,9.25,Saturno,Tierra,Urano
a7924945-86d6-43e8-afa4-78336762c011,1.93,0.53,13.74,Neptuno,Tierra,Saturno
9f0fc6b5-1646-4e46-966d-db3e27c649e3,1.27,0.7,5.18,Marte,Urano,Saturno
c6f2aa24-c57f-4c0e-8c74-b1bebb0f925f,1.91,0.52,14.13,Neptuno,Tierra,Saturno
04bf3a68-f2df-4115-8e5e-1f5c7dbc478b,2.3,0.43,24.88,Júpiter,Neptuno,Tierra
1ec1677b-a943-4b0e-8c02-7d21b4a18ac1,2.28,0.54,15.64,Neptuno,Tierra,Saturno
c8cfc090-d267-4e01-9aba-fb3cd59518b1,1.25,0.41,14.87,Neptuno,Tierra,Saturno
ce406408-d8a9-4a23-af6c-c5e3353f363c,1.99,0.41,23.68,Júpiter,Neptuno,Tierra
13f6ce09-16c3-441e-9796-5ab6424ea769,2.11,0.65,9.99,Tierra,Saturno,Neptuno
19d09339-feb6-4d79-bf14-ebfbcdf70144,2.44,0.54,16.74,Neptuno,Tierra,Saturno
ab9b6917-c8d4-44b5-a2f9-370c62e9ed20,0.92,0.41,10.95,Neptuno,Tierra,Saturno
d41e154c-26f4-4854-baaa-c8ee3830b649,1.38,0.59,7.93,Urano,Saturno,Tierra
3fde5a0a-e10a-4062-8fe1-a52210128fc7,0.87,0.6,4.83,Marte,Urano,Saturno
bdb1841a-699e-41a5-a18d-abda5f8dfe89,1.51,0.46,14.27,Neptuno,Tierra,Saturno
45bc68e8-5708-4a75-9a54-576e4909c7ad,0.96,0.6,5.33,Marte,Urano,Saturno
39754930-b1dd-416d-a555-8b4e09fe73aa,1.46,0.47,13.22,Neptuno,Tierra,Saturno
3c73a864-da9d-40de-b1fa-44335f1d46cb,1.03,0.66,4.73,Marte,Urano,Saturno
47c3115e-6e03-4284-adcc-9ddfc55124b3,1.49,0.64,7.28,Urano,Saturno,Tierra
d6771ae8-a543-4af1-9424-cdeb6f0b0ea6,1.1,0.64,5.37,Marte,Urano,Saturno
539f7e0c-c1e2-404b-a2f7-79fcbf853bc1,2.15,0.43,23.26,Júpiter,Neptuno,Tierra
36462498-09e3-4744-8179-18603d059492,1.16,0.54,7.96,Urano,Saturno,Tierra
e7332e34-5b48-4f6c-b761-eed5d4de858a,1.17,0.46,11.06,Neptuno,Tierra,Saturno
959014de-c5be-4012-8604-b3bdef9eb957,1.81,0.63,9.12,Saturno,Urano,Tierra
d5aef168-5637-4816-9805-a18f409680b4,1.08,0.46,10.21,Tierra,Neptuno,Saturno
4ac5f464-e6ad-4951-9e5f-4962e6260515,1.51,0.61,8.12,Urano,Saturno,Tierra
070c332b-ef3f-4c0b-b3f3-f6dc0c999830,2.24,0.68,9.69,Tierra,Saturno,Urano
958e0043-91c3-4d42-a06d-b714d2072027,2.01,0.4,25.12,Júpiter,Neptuno,Tierra
df49c8d1-4536-4ac7-889b-3d2673bafcd3,1.8,0.47,16.3,Neptuno,Tierra,Saturno
19416f7d-242b-4da1-b2b6-4dc107c05d57,1.99,0.51,15.3,Neptuno,Tierra,Saturno
aa2de8f4-3ea0-4299-8d20-4cd70bf7f5e8,1.53,0.58,9.1,Saturno,Urano,Tierra
2be75472-1d90-4201-885b-6e3194aab136,2.06,0.61,11.07,Neptuno,Tierra,Saturno
67caa8c1-f1e5-4f85-be5f-0fced8cbb767,0.87,0.49,7.25,Urano,Saturno,Tierra
62ce147b-d723-40b0-9550-cc1990ec2216,1.33,0.68,5.75,Marte,Urano,Saturno
f3a393c2-7fbe-4fd0-9539-d50f1252ccaa,1.36,0.6,7.56,Urano,Saturno,Tierra
ac8fc741-36d9-4712-bbdf-d75bf19cadcf,2.37,0.43,25.64,Júpiter,Neptuno,Tierra
ea9a4163-b747-4951-a3a4-32de7cdba339,1.92,0.54,13.17,Neptuno,Tierra,Saturno
d1cdc2cb-9009-45dd-9adf-cfe16d61f8b4,2.41,0.49,20.07,Júpiter,Neptuno,Tierra
33668966-50bb-4234-8f68-30359dcafb76,1.24,0.6,6.89,Urano,Saturno,Tierra
31eb19f5-3518-4c89-ab40-5765f7a87878,1.53,0.69,6.43,Urano,Saturno,Marte
a5c502b9-291c-4eee-8533-4621cfc7b794,2.09,0.41,24.87,Júpiter,Neptuno,Tierra
cb4e19bb-d1e1-4cd3-a65b-911ce00d7b0f,2.44,0.56,15.56,Neptuno,Tierra,Saturno
8dcefd5b-cae2-49e8-8e80-2ddf8722ae0e,1.98,0.41,23.56,Júpiter,Neptuno,Tierra
6e2bea54-96f6-41e6-9d96-1b4b1a03a527,1.11,0.68,4.8,Marte,Urano,Saturno
a0360c5e-a0df-44f8-8c0a-b31a59a594b7,1.8,0.43,19.47,Júpiter,Neptuno,Tierra
39b8f4a6-1783-40d9-b10b-95a9b4df21bc,2.02,0.51,15.53,Neptuno,Tierra,Saturno
0fdca939-b61d-497d-a41e-8b497b24dde8,1.16,0.51,8.92,Saturno,Urano,Tierra
8ca5a441-5c46-4983-99f3-935bcfcdfef5,1.89,0.51,14.53,Neptuno,Tierra,Saturno
b6473cec-798b-4aa0-866e-7a919e317bd6,2.27,0.49,18.91,Júpiter,Neptuno,Tierra
f63219e5-a061-417e-b8dd-fff2dbd25130,1.42,0.68,6.14,Marte,Urano,Saturno
ab72a883-320a-41fb-b2d7-3ae3e08f82e4,1.18,0.6,6.56,Urano,Saturno,Marte
8bdfd505-df14-492b-9e81-cb6e3638fac9,0.97,0.53,6.91,Urano,Saturno,Tierra
4240e34a-6aba-474a-aed4-1e728659fe4e,1.94,0.41,23.08,Júpiter,Neptuno,Tierra
b323cd88-9d6d-4fd8-baa5-a5ca026146ce,1.55,0.62,8.06,Urano,Saturno,Tierra
8262ed99-aec8-489c-bf63-47023006f8ef,1.47,0.46,13.89,Neptuno,Tierra,Saturno
4e84cc62-7c6e-4b9e-bceb-7d109a609de0,1.12,0.45,11.06,Neptuno,Tierra,Saturno
b95fef7c-c40a-4e57-a4a0-c92882a92334,1.42,0.55,9.39,Saturno,Tierra,Urano
184e16b1-9b71-4f00-bf11-7caef138b024,1.3,0.53,9.26,Saturno,Tierra,Urano
f8d397ca-bb91-4d78-bfa2-b01fe4317307,1.48,0.59,8.5,Urano,Saturno,Tierra
6249f2ca-b865-4e4b-9299-eb7b4f52ff3c,1.93,0.6,10.72,Neptuno,Tierra,Saturno
a4328938-7669-491f-8765-4f1414846ab2,0.89,0.65,4.21,Marte,Urano,Saturno
0626e976-2995-489d-8467-4f59ce174f29,1.24,0.51,9.53,Tierra,Saturno,Urano
77effe6e-72c0-4f87-a3ae-1c758b378d6c,0.89,0.7,3.63,Marte,Urano,Saturno
a42257d8-dc3e-438f-8f87-08d43f49ae34,2.47,0.65,11.69,Neptuno,Tierra,Saturno
4a63159a-14ca-4e14-9099-d74e05ba050e,2.2,0.58,13.08,Neptuno,Tierra,Saturno
21b38767-580e-475f-b6df-ffd5e560e702,0.89,0.68,3.85,Marte,Urano,Saturno
3f2cc28e-d518-430a-a09c-394d68073a9a,1.61,0.49,13.41,Neptuno,Tierra,Saturno
aaa0867a-2009-4b5c-8e6f-cfaf80986078,2.29,0.62,11.91,Neptuno,Tierra,Saturno
3b32f147-8718-458e-981f-dbf03ce5471b,1.88,0.57,11.57,Neptuno,Tierra,Saturno
2ccbabab-81e4-49fb-9a4b-9c13fee2da38,1.74,0.48,15.1,Neptuno,Tierra,Saturno
9e1b9455-cef0-45ff-8e79-51d0d4f1f467,2.17,0.62,11.29,Neptuno,Tierra,Saturno
eb6d59eb-d5ce-4049-8a6c-d10eef2e1ebb,1.78,0.69,7.48,Urano,Saturno,Tierra
446846c1-b86e-4c67-a6f2-a11d027bd3ea,1.78,0.54,12.21,Neptuno,Tierra,Saturno
bb41df7b-0a9b-42e0-85d0-bfa9bd90d7ab,1.71,0.49,14.24,Neptuno,Tierra,Saturno
883beb79-b08b-42c4-9ea1-103cd8477988,2.44,0.65,11.55,Neptuno,Tierra,Saturno
af57271d-4f3f-40fb-b2fc-e2e2f5fff525,2.1,0.41,24.99,Júpiter,Neptuno,Tierra
2dcf27a9-4efe-4325-91db-2cd1bdee54e9,2.2,0.54,15.09,Neptuno,Tierra,Saturno
1bea2cab-99d0-46ca-a3bf-34d7cc7d7a38,1.92,0.54,13.17,Neptuno,Tierra,Saturno
c34ccba8-1c4a-4dc1-bc65-b66f951b2136,2.3,0.65,10.89,Neptuno,Tierra,Saturno
1efaf0d8-703f-442c-a0f8-e3c8daac0c1e,2.12,0.62,11.03,Neptuno,Tierra,Saturno
08d6cb55-4050-47a9-b214-6cec1a948778,1.58,0.54,10.84,Neptuno,Tierra,Saturno
90cd1bff-1f66-47e4-b9ff-ff12714ebda0,2.31,0.51,17.76,Neptuno,Júpiter,Tierra
8e2f0e92-90c8-4be9-8459-08df95f6de85,1.27,0.58,7.55,Urano,Saturno,Tierra
79fc009a-04b6-4b5a-b12b-c95d7b9d1dcb,1.99,0.43,21.53,Júpiter,Neptuno,Tierra
4af1b7ce-afee-4ab0-a435-ca857ab0cc22,1.48,0.6,8.22,Urano,Saturno,Tierra
6f5d5f2a-2ad0-41d5-93cf-f7630ac3d46f,0.91,0.46,8.6,Urano,Saturno,Tierra
dbc9a043-29ab-4135-8e63-bdfea3aff108,2.07,0.5,16.56,Neptuno,Tierra,Saturno
7972ccd4-2fac-4939-8433-c8a7eff42e99,1.81,0.66,8.31,Urano,Saturno,Tierra
7f6d4612-1f36-4e10-b645-41df914187b6,1.0,0.64,4.88,Marte,Urano,Saturno
5ff8dcd7-17ee-4d8c-b63b-579b282624bb,2.13,0.55,14.08,Neptuno,Tierra,Saturno
eb7c23b2-b1ec-407d-aa2c-43bbf6cdcafa,1.4,0.59,8.04,Urano,Saturno,Tierra
56a56f78-2acf-4bbb-9b38-5b109649d14a,2.01,0.56,12.82,Neptuno,Tierra,Saturno
a916a7ef-4319-4a79-bd2c-da8929803999,1.38,0.44,14.26,Neptuno,Tierra,Saturno
dfb75cec-4dfe-4c89-9e74-16669048530a,1.78,0.42,20.18,Júpiter,Neptuno,Tierra
d6e1b66a-dff3-4e62-a8d7-f4ca74be6791,1.04,0.66,4.78,Marte,Urano,Saturno
dd3de886-b9e2-450f-aab9-85a3bb55502e,1.98,0.48,17.19,Neptuno,Tierra,Júpiter
fc71ff2b-ac7f-4901-8a21-38c93e4be71b,2.31,0.59,13.27,Neptuno,Tierra,Saturno
44937888-cfb1-4368-afde-9049ba23bd39,1.87,0.43,20.23,Júpiter,Neptuno,Tierra
db69276c-921e-4060-b1db-03286ca5436f,2.32,0.68,10.03,Tierra,Neptuno,Saturno
694626c8-bb72-4504-a2cc-ed92000f2bae,2.16,0.65,10.22,Tierra,Neptuno,Saturno
e8124149-b52f-4cfe-bd88-34e5fd8db84f,1.15,0.61,6.18,Marte,Urano,Saturno
cc54d407-9eda-47ee-841f-c6be16f0d305,2.36,0.51,18.15,Júpiter,Neptuno,Tierra
8d36c739-2341-4824-83d2-0e92fae16cec,2.15,0.58,12.78,Neptuno,Tierra,Saturno
8b8fc1e6-152f-4e5a-9351-a873655ec26d,1.58,0.66,7.25,Urano,Saturno,Tierra
99996587-8fb8-459e-96fc-83ba3efbdfff,1.08,0.44,11.16,Neptuno,Tierra,Saturno
62b76bb4-7d82-41e9-9fb6-55e749885827,0.96,0.43,10.38,Tierra,Neptuno,Saturno
6e9d4435-2167-4e16-88f0-1c0d0d014acf,1.81,0.63,9.12,Saturno,Urano,Tierra
22b58f61-1df9-49a2-b69d-e2f01e22f0ee,2.21,0.65,10.46,Neptuno,Tierra,Saturno
a191c48a-505d-4e47-9e19-b3a656abeda4,1.53,0.42,17.35,Neptuno,Júpiter,Tierra
731ba1fe-2ca7-41e8-b790-55aad3fc5745,2.18,0.56,13.9,Neptuno,Tierra,Saturno
0ed5cab0-8152-40d7-8f03-5bf3956e8267,1.59,0.49,13.24,Neptuno,Tierra,Saturno
95b17a55-f4fb-441c-8931-11bd5e755dda,1.76,0.66,8.08,Urano,Saturno,Tierra
0663a89c-8a4f-4a09-9c48-ee7640883101,1.99,0.49,16.58,Neptuno,Tierra,Saturno
d683514c-cc85-4af2-a7eb-087a41a420aa,1.74,0.41,20.7,Júpiter,Neptuno,Tierra
953cbcc4-13fb-4444-8bdb-ce838701f2e3,1.38,0.67,6.15,Marte,Urano,Saturno
750062a3-c708-40af-ac31-3b50375a7247,1.34,0.57,8.25,Urano,Saturno,Tierra
0d9a5438-98d6-4dc4-a84b-e3621e033c9d,1.55,0.62,8.06,Urano,Saturno,Tierra
de89ac80-7eb8-4eef-b209-abcd15135cfb,1.77,0.58,10.52,Neptuno,Tierra,Saturno
2c544919-00a6-4384-825a-96cb78d3d69a,1.59,0.6,8.83,Urano,Saturno,Tierra
fed675cc-1c82-41f9-8b83-e68f79356436,1.38,0.55,9.12,Saturno,Urano,Tierra
f8b38993-5f36-483b-89be-7b82c80c31db,1.95,0.48,16.93,Neptuno,Tierra,Júpiter
e45951eb-4907-449a-bece-35aa07f7126a,1.84,0.52,13.61,Neptuno,Tierra,Saturno
d56f5edd-123b-4c3b-81d2-909a53a5398e,1.06,0.49,8.83,Urano,Saturno,Tierra
205d5207-05ef-44be-b21a-57b151dcc2ba,2.46,0.62,12.8,Neptuno,Tierra,Saturno
e8144c31-b458-458f-b427-f8b47f2bcb10,2.49,0.44,25.72,Júpiter,Neptuno,Tierra
f77301f1-627b-4517-a3c9-426308839739,1.69,0.59,9.71,Tierra,Saturno,Urano
38b623d7-433f-46b5-aab5-01ea701eb504,2.31,0.65,10.93,Neptuno,Tierra,Saturno
867870d7-7126-4912-8f0b-30658a5c7cc6,1.9,0.68,8.22,Urano,Saturno,Tierra
f9589e0a-1ca2-4f78-8aa3-456676efd94b,1.22,0.65,5.78,Marte,Urano,Saturno
d1ca4d6e-66f5-46a6-b44c-aed50fb243c3,1.73,0.5,13.84,Neptuno,Tierra,Saturno
823013e5-3212-4eee-a622-20ddebdc4631,1.74,0.6,9.67,Tierra,Saturno,Urano
1ef554a9-628e-46de-8fbd-49c5d8346144,1.66,0.48,14.41,Neptuno,Tierra,Saturno
c065fb10-f504-4821-96ea-6b270ae63475,2.21,0.62,11.5,Neptuno,Tierra,Saturno
068946e6-3fb8-4e5a-ae35-f05e662dbfee,1.74,0.52,12.87,Neptuno,Tierra,Saturno
139ac60e-4f1c-495a-a4fd-edc9107846fc,1.5,0.51,11.53,Neptuno,Tierra,Saturno
2fe3541d-18ac-44e8-be5a-9a93c44cbccc,0.92,0.64,4.49,Marte,Urano,Saturno
2a9a8ced-29e4-4249-990a-a6432f71ef44,1.13,0.52,8.36,Urano,Saturno,Tierra
ce398730-9e1f-4bf0-bd51-98303868e4f3,1.94,0.57,11.94,Neptuno,Tierra,Saturno
f95b18ae-6dd6-45e3-91a1-140dff99bc71,2.09,0.6,11.61,Neptuno,Tierra,Saturno
f8951e61-708a-4e0c-a80f-d91a50a7974b,1.48,0.58,8.8,Urano,Saturno,Tierra
abb81a2b-49b9-434e-8c8e-ff8a23f1a519,1.37,0.41,16.3,Neptuno,Tierra,Saturno
5d606258-365a-45f7-95b9-510b0a2a17ee,1.66,0.54,11.39,Neptuno,Tierra,Saturno
7ed9c286-aa7f-4c3c-b321-ba291e82dcc8,1.45,0.53,10.32,Tierra,Neptuno,Saturno
21e72979-138b-4557-9bba-d97fca4cc9b4,1.06,0.4,13.25,Neptuno,Tierra,Saturno
5e6d537d-bf45-4ecc-962a-627b1a201493,1.05,0.69,4.41,Marte,Urano,Saturno
4dcfd6df-d00e-486d-967a-c5aa103cc670,1.03,0.49,8.58,Urano,Saturno,Tierra
ea39bbbf-0638-429b-842c-898831bf36fa,0.99,0.51,7.61,Urano,Saturno,Tierra
04cc54e0-a037-409a-9e87-3e7d9b4e6139,1.8,0.63,9.07,Saturno,Urano,Tierra
e3b02dfc-8361-40a2-b6d4-3806d2c76d8c,0.85,0.65,4.02,Marte,Urano,Saturno
ee2e6397-a78f-4575-a540-263ca74ad4ae,1.2,0.41,14.28,Neptuno,Tierra,Saturno
680b765e-20d6-4edb-8a0e-27bb90cd984a,1.81,0.64,8.84,Urano,Saturno,Tierra
55c559de-86ab-4a8e-b7f7-d258b5d41ebd,1.73,0.69,7.27,Urano,Saturno,Tierra
fc77c0db-47ba-454e-9b4e-9c055776f1cb,2.2,0.52,16.27,Neptuno,Tierra,Saturno
8714edf0-30f1-46de-b0d9-a0cae5a1ad0e,2.31,0.63,11.64,Neptuno,Tierra,Saturno
11d4f99e-324c-46bf-9ba7-1069aa1e49e0,2.18,0.67,9.71,Tierra,Saturno,Urano
2a0f3118-673a-4655-a310-e4357d3b5bfe,1.05,0.58,6.24,Urano,Marte,Saturno
699a53b9-d0dc-493c-b856-d785705fe474,1.96,0.45,19.36,Júpiter,Neptuno,Tierra
1fd3ede9-4bf2-4570-9658-8375f4a23596,2.16,0.5,17.28,Neptuno,Tierra,Júpiter
5049b786-d52d-4a49-931c-30f101365fd0,1.68,0.41,19.99,Júpiter,Neptuno,Tierra
634638a5-354c-441c-868d-617c34ffcd4b,1.97,0.68,8.52,Urano,Saturno,Tierra
ca0ef7b0-72ff-433f-b9b9-12de2ab412d2,0.97,0.53,6.91,Urano,Saturno,Tierra
a0d8e9c7-bf15-4047-acb2-7644dc39bfae,1.79,0.64,8.74,Urano,Saturno,Tierra
11fcae1a-0238-467b-a251-3e7be23555d7,2.47,0.59,14.19,Neptuno,Tierra,Saturno
e0632e07-6bb5-41a7-b955-6c1fea6b2ee2,1.19,0.55,7.87,Urano,Saturno,Tierra
d350eba7-34b1-452c-b5b7-bdf5aa1d9ecc,1.79,0.55,11.83,Neptuno,Tierra,Saturno
2f93dd02-8e72-4241-bac5-65b6251cd60e,1.9,0.5,15.2,Neptuno,Tierra,Saturno
db5e0fa6-44c2-47ee-a6ce-8251f06f1bca,0.81,0.58,4.82,Marte,Urano,Saturno
81560770-71a4-48d4-a408-1ac1c99e4c44,2.04,0.43,22.07,Júpiter,Neptuno,Tierra
0fd4e2be-c3f1-4a69-b33e-88106cd572e6,0.99,0.41,11.78,Neptuno,Tierra,Saturno
218741de-9bae-4d18-93ef-ed38beec1932,2.23,0.44,23.04,Júpiter,Neptuno,Tierra
8cd44321-93a3-4d76-8cb8-a79c63299cd6,1.07,0.51,8.23,Urano,Saturno,Tierra
fa87f9d3-a506-4880-bf8f-c80b421a6d87,2.34,0.46,22.12,Júpiter,Neptuno,Tierra
4594c3fe-43b3-45f9-a280-dbc0a0efcdaa,2.42,0.5,19.36,Júpiter,Neptuno,Tierra
e1456794-d898-4b8d-8f33-9a0804a20877,1.55,0.53,11.04,Neptuno,Tierra,Saturno
21d71369-7e91-4d51-8eb5-b22704f6cc24,1.8,0.49,14.99,Neptuno,Tierra,Saturno
63f7e096-cd67-4ee6-8238-8ffa0a0ad82e,2.49,0.53,17.73,Neptuno,Júpiter,Tierra
54575aad-287c-489a-ba97-5ca593783051,1.93,0.52,14.28,Neptuno,Tierra,Saturno
9f82b420-2095-4e17-9add-0b961145cc23,2.15,0.58,12.78,Neptuno,Tierra,Saturno
c961a72e-d2eb-4ef2-ac53-01d9aa5fa848,2.22,0.68,9.6,Tierra,Saturno,Urano
e41ba3c3-1e4c-4d01-b6de-85b540fdd4cf,1.68,0.51,12.92,Neptuno,Tierra,Saturno
1587eaf5-e3f5-4565-bb9d-6c6656d6118c,1.43,0.65,6.77,Urano,Saturno,Tierra
533fdc94-e4f4-4c6a-afc5-5adc61b747ea,1.42,0.64,6.93,Urano,Saturno,Tierra
f27be307-9c5a-4f06-9aca-7490f382b361,2.35,0.55,15.54,Neptuno,Tierra,Saturno
92bbf2e8-1bf1-4196-b218-a2e51b674e90,1.27,0.6,7.06,Urano,Saturno,Tierra
e07cdb7c-7a29-45cb-b25f-ac891c5b0e78,1.14,0.41,13.56,Neptuno,Tierra,Saturno
23e4d61c-e16c-4098-8547-0b94036906a2,2.03,0.45,20.05,Júpiter,Neptuno,Tierra
66242a41-642e-49a1-84ab-54e9803c2c8f,1.83,0.64,8.94,Saturno,Urano,Tierra
8ce4c19a-4431-4de0-ae7c-2f4e1d53649b,1.68,0.41,19.99,Júpiter,Neptuno,Tierra
12891838-55e4-4234-ba69-bc19ea06ecc7,1.84,0.57,11.33,Neptuno,Tierra,Saturno
affbe404-802f-482f-b311-4718ecfead0d,2.11,0.47,19.1,Júpiter,Neptuno,Tierra
a4399e71-6f25-46d1-a615-38a7c21ed67d,0.84,0.5,6.72,Urano,Saturno,Marte
9c4d8042-efb0-42fc-bbcc-6d757006b868,1.87,0.63,9.42,Tierra,Saturno,Urano
eec857dc-4582-476e-809f-98a46dd7aeab,1.63,0.65,7.72,Urano,Saturno,Tierra
b73ea824-9a78-4789-829d-d5b8f89a2f0c,1.35,0.52,9.99,Tierra,Saturno,Neptuno
5eb6073a-4dd8-4d9e-a7b6-621727133bde,1.56,0.54,10.7,Neptuno,Tierra,Saturno
2cfd732f-fed8-4700-8413-deb5d1365fb2,0.88,0.64,4.3,Marte,Urano,Saturno
e1e6751a-31d2-4c9d-a41c-913d0580d5c6,0.88,0.44,9.09,Saturno,Urano,Tierra
34602e1f-ff9d-4296-b93b-0bfb83e6eddc,1.94,0.64,9.47,Tierra,Saturno,Urano
ed4a7829-183d-441b-a88d-03ea3cae59b1,1.25,0.42,14.17,Neptuno,Tierra,Saturno
8654fb14-509e-4131-bbd0-8eba4eb66792,1.82,0.42,20.63,Júpiter,Neptuno,Tierra
47a58577-ccb7-418d-8a27-fc9b7c1bb49b,2.38,0.65,11.27,Neptuno,Tierra,Saturno
641907e0-06b3-482e-a187-bae9a0fa26b3,1.07,0.69,4.49,Marte,Urano,Saturno
b022b19e-b3e5-48fb-bbd3-492e469c8134,0.83,0.58,4.93,Marte,Urano,Saturno
769f35a9-0643-4b15-9052-3181b02407d9,2.15,0.61,11.56,Neptuno,Tierra,Saturno
cb8f293c-a572-4971-b4b5-9212566a4943,2.2,0.7,8.98,Saturno,Urano,Tierra
3d59ebc0-e5ae-4346-be22-5ac16d3c4217,1.78,0.66,8.17,Urano,Saturno,Tierra
8127431a-2062-44eb-901c-126df97952d0,1.91,0.67,8.51,Urano,Saturno,Tierra
726961f7-9c20-4c2d-8417-f91c230dd21c,1.71,0.61,9.19,Saturno,Urano,Tierra
22848f55-c1a1-41aa-9055-68c3576b5c15,1.77,0.69,7.44,Urano,Saturno,Tierra
87fc2327-d156-4b33-8d66-1b78e46e1ebc,2.3,0.47,20.82,Júpiter,Neptuno,Tierra
1100669b-9d18-48fa-bc53-78a82d11ca1c,1.31,0.45,12.94,Neptuno,Tierra,Saturno
b7855857-e65b-4e15-a555-2532f0957e79,2.42,0.41,28.79,Júpiter,Neptuno,Tierra
3a367d12-d240-475e-b8b0-435d0f70972d,0.87,0.65,4.12,Marte,Urano,Saturno
d6f8b8c5-e645-409f-99f4-afd19a8e1e06,1.31,0.58,7.79,Urano,Saturno,Tierra
4e82d700-fdfa-4955-81a0-3e63aad96327,1.76,0.65,8.33,Urano,Saturno,Tierra
6e5c7da3-a153-4aec-a2cc-8e5140d043e5,1.6,0.67,7.13,Urano,Saturno,Tierra
041c8e2e-79fa-4310-bae6-41bd3a04f078,2.42,0.49,20.16,Júpiter,Neptuno,Tierra
ddb7f514-f65d-4452-928e-6b16fb10a554,1.58,0.47,14.31,Neptuno,Tierra,Saturno
d9c8f25b-982d-4639-b428-f6d35107a3af,2.26,0.43,24.45,Júpiter,Neptuno,Tierra
a03e2647-064b-409f-8300-c93c4d05ed74,1.72,0.42,19.5,Júpiter,Neptuno,Tierra
50dbdbd0-8b05-4296-8623-5ed18229d374,2.07,0.67,9.22,Saturno,Urano,Tierra
cbf37938-a37b-40e8-be13-da2a75b7b10d,2.35,0.57,14.47,Neptuno,Tierra,Saturno
69760823-8a26-438d-a3ff-5b0480c33b02,1.98,0.55,13.09,Neptuno,Tierra,Saturno
d1bee6dd-9d50-4ccc-a79b-531723467829,1.53,0.65,7.24,Urano,Saturno,Tierra
af2450da-cc8a-4e4b-a110-4edd544778a0,1.04,0.49,8.66,Urano,Saturno,Tierra
fff09d18-2eaa-4ba4-85fe-2ae2959144bb,1.7,0.56,10.84,Neptuno,Tierra,Saturno
f73af76a-5c46-4387-a2ae-48b9271dadea,1.31,0.56,8.35,Urano,Saturno,Tierra
510508b3-ece1-43fd-a90f-9889ee046ef0,1.4,0.69,5.88,Marte,Urano,Saturno
82eb7dc5-9958-4b40-8d1b-9bf0457492a5,1.57,0.59,9.02,Saturno,Urano,Tierra
1f3fed1c-1bfb-4139-9607-793760678157,1.88,0.5,15.04,Neptuno,Tierra,Saturno
f7ff004b-deb7-4113-9526-b61168c9a075,0.88,0.46,8.32,Urano,Saturno,Tierra
5084428d-4551-4965-aab3-b4c368733cb1,1.76,0.43,19.04,Júpiter,Neptuno,Tierra
ef923771-8a79-4d51-b0f4-4d4f0b3e1028,1.76,0.51,13.53,Neptuno,Tierra,Saturno
1144521b-f6ab-4633-b1d1-432eba5103c1,1.22,0.64,5.96,Marte,Urano,Saturno
25b14ee0-e1d5-4f81-b946-01ca9c80a33a,1.89,0.67,8.42,Urano,Saturno,Tierra
37b2dcb2-1a7a-4492-b43e-d39693ffdb00,1.36,0.41,16.18,Neptuno,Tierra,Saturno
7322c181-4aca-44c7-b5c6-4c34a143556f,2.35,0.63,11.84,Neptuno,Tierra,Saturno
225583a7-c645-45aa-b2fb-b4784dcbe005,1.06,0.59,6.09,Marte,Urano,Saturno
ee457c86-b9be-44f8-84d6-474fedc386f9,1.47,0.61,7.9,Urano,Saturno,Tierra
9fe1f23f-80a6-4982-8ace-f258e22d30ab,2.2,0.67,9.8,Tierra,Saturno,Urano
fa701c14-7d38-4278-a8c6-353e5c95d5cb,1.06,0.47,9.6,Tierra,Saturno,Urano
c6f356bc-b770-44c8-bcd4-84cdee343e5b,2.28,0.42,25.85,Júpiter,Neptuno,Tierra
f058b66d-f09b-4092-835e-007b579dd991,2.11,0.43,22.82,Júpiter,Neptuno,Tierra
b3aae756-cd15-49c9-963b-dd8438ff3aa0,1.94,0.47,17.56,Neptuno,Júpiter,Tierra
e2ebd525-0e68-4d9d-9482-352b7405ae77,2.29,0.69,9.62,Tierra,Saturno,Urano
b3b83138-23c8-4cf5-ac63-f8e75cf315f5,2.28,0.66,10.47,Neptuno,Tierra,Saturno
de3e1f19-1bc1-49b5-84ba-56892a8efcae,1.29,0.45,12.74,Neptuno,Tierra,Saturno
53eaf52f-b1c2-476e-bc5d-3fc2c1ee4a36,1.41,0.54,9.67,Tierra,Saturno,Urano
74700207-bb1c-47c3-b6dc-99719885a28f,1.83,0.63,9.22,Saturno,Urano,Tierra
8f2a223f-bd91-46ca-b13d-0d739f560e22,1.32,0.66,6.06,Marte,Urano,Saturno
29cf9bd4-361a-4d04-bff9-62ef27211668,1.21,0.61,6.5,Urano,Saturno,Marte
9489bad9-23a5-4293-9c49-bcc87ad1eb88,1.57,0.51,12.07,Neptuno,Tierra,Saturno
2a1d5bb9-96a0-4063-809d-3157201942d7,1.34,0.49,11.16,Neptuno,Tierra,Saturno
d5789091-a90c-4af6-bea4-534ba4b36400,0.84,0.54,5.76,Marte,Urano,Saturno
bf9570a0-39a9-4836-a37b-5e1cff19e05c,1.33,0.5,10.64,Neptuno,Tierra,Saturno
1059fabf-d047-4d66-85bd-b7de58c30529,0.96,0.42,10.88,Neptuno,Tierra,Saturno
9ae83f72-c4de-4750-b1ac-54e70ce8123e,0.98,0.56,6.25,Urano,Marte,Saturno
2b086d2c-3464-4bc7-bad9-3573ccbc5aa1,1.93,0.48,16.75,Neptuno,Tierra,Saturno
d5cd84fd-b337-4d11-9926-bab191adb050,1.32,0.52,9.76,Tierra,Saturno,Urano
e7f9ca4e-b0db-442b-89f4-a7b7f130a405,1.2,0.49,10.0,Tierra,Saturno,Neptuno
eda573d2-526b-4524-918b-39df2a1d7550,1.05,0.64,5.13,Marte,Urano,Saturno
35586440-3ccf-4c69-a39e-428765bebfd5,1.66,0.53,11.82,Neptuno,Tierra,Saturno
c6997f1b-2c79-44c1-b7d4-7d3f31dba72e,2.09,0.65,9.89,Tierra,Saturno,Neptuno
6e34e99c-92f3-4040-9236-7759f73da9ce,2.31,0.42,26.19,Júpiter,Neptuno,Tierra
c4f125ae-24ea-4ba0-a420-1305c9333845,2.29,0.58,13.61,Neptuno,Tierra,Saturno
eee3d7c8-4930-426d-a7df-105c6b51aeec,1.14,0.44,11.78,Neptuno,Tierra,Saturno
b0f7accf-5a2a-44d9-a580-abce1d219fb0,2.34,0.51,17.99,Júpiter,Neptuno,Tierra
021eefc3-a9d6-4b72-98af-cd8686efa3bf,2.03,0.68,8.78,Urano,Saturno,Tierra
7cca8362-0d1f-4373-820d-4a84a44230c5,0.9,0.69,3.78,Marte,Urano,Saturno
93f94843-a849-47b2-a6cb-d71c89f5afcc,1.85,0.59,10.63,Neptuno,Tierra,Saturno
0ec231a9-57bb-41d9-be54-c246cf298c55,1.16,0.58,6.9,Urano,Saturno,Tierra
a74e82cc-6be7-4c21-9de8-0dee1ebd848a,0.91,0.46,8.6,Urano,Saturno,Tierra
a8ede094-974c-4dc8-8bb6-51eddd57090f,1.56,0.68,6.75,Urano,Saturno,Marte
2f2d88c5-36a5-42d8-9409-85c53a0436ab,1.93,0.65,9.14,Saturno,Urano,Tierra
3edb39a5-f113-4b72-828f-59f0881603de,2.44,0.68,10.55,Neptuno,Tierra,Saturno
eba8647a-11ba-4c72-81c8-976c109fc140,2.24,0.64,10.94,Neptuno,Tierra,Saturno
dea0dd14-67a2-41bf-9727-d6bf16fb5cbd,1.34,0.63,6.75,Urano,Saturno,Marte
fa3e7d9c-b0c0-4ae8-bb42-e12ab4458e4d,2.32,0.5,18.56,Júpiter,Neptuno,Tierra
4aa3a6f5-2130-4282-9b4e-22b6112bb813,0.87,0.55,5.75,Marte,Urano,Saturno
2d88703e-3b4e-45a5-8df7-c4920335336d,1.48,0.44,15.29,Neptuno,Tierra,Saturno
8b2d34ff-baa9-4a02-974a-4e467115c92a,0.99,0.62,5.15,Marte,Urano,Saturno
47644447-3299-45aa-850d-32ae8bcacd63,2.11,0.53,15.02,Neptuno,Tierra,Saturno
92aa4ea6-d25d-4c0e-91e1-6bcb34f7c2c3,1.0,0.68,4.33,Marte,Urano,Saturno
4eff98b6-590e-4403-a0a6-2f9b31cab473,1.68,0.58,9.99,Tierra,Saturno,Neptuno
6bfb4598-4213-4c11-9d89-e2c6b728a82e,1.53,0.68,6.62,Urano,Saturno,Marte
3f7d4c3b-8091-44d5-a5e3-5a6af06c84ce,0.86,0.67,3.83,Marte,Urano,Saturno
004434fb-45a8-4f04-970a-d3b00081257c,1.08,0.68,4.67,Marte,Urano,Saturno
2fb90725-2707-4db6-ae67-df597135d7c9,2.0,0.6,11.11,Neptuno,Tierra,Saturno
43863d3d-eb0b-4ce3-92f3-5e3dd77981bf,2.49,0.67,11.09,Neptuno,Tierra,Saturno
ee0d0f27-12cf-4a84-952f-7217df2f22d9,0.92,0.56,5.87,Marte,Urano,Saturno
d3e9a3cf-ab9e-4090-ba9d-6079d2ea8c1b,1.39,0.4,17.37,Neptuno,Júpiter,Tierra
9b430f63-0ff3-42c2-a2fb-4eebd6da21ef,1.19,0.51,9.15,Saturno,Urano,Tierra
ad653b52-1390-4316-9c86-65354c9468b5,1.63,0.63,8.21,Urano,Saturno,Tierra
424267ec-73fc-4320-8732-5c4203d02e4a,1.72,0.58,10.23,Tierra,Neptuno,Saturno
6a703e24-5d4c-431d-90fe-67866aadce56,1.46,0.41,17.37,Neptuno,Júpiter,Tierra
54de92a5-5306-42f4-940a-67023ee20947,2.43,0.61,13.06,Neptuno,Tierra,Saturno
33099d9e-9e1c-4b62-8e5a-7aad7d847cd7,1.52,0.56,9.69,Tierra,Saturno,Urano
6758fcfd-c04f-4d52-8118-4449a8844b15,1.22,0.67,5.44,Marte,Urano,Saturno
e24735fd-98a1-43b0-9718-ba0a35445599,2.2,0.69,9.24,Saturno,Urano,Tierra
0a2cce90-e3bc-475d-8dfb-0a50bd82e90d,1.26,0.57,7.76,Urano,Saturno,Tierra
1ce93dfa-41fd-4030-ae82-fce2d19a9bd4,1.62,0.42,18.37,Júpiter,Neptuno,Tierra
e41c768d-7485-4b68-8323-ec31059d913f,1.86,0.42,21.09,Júpiter,Neptuno,Tierra
9bc98b8a-9e07-43c6-b67e-181be4a8431d,2.33,0.43,25.2,Júpiter,Neptuno,Tierra
f19d52bd-99bb-4598-ab8a-51655c4e815a,2.17,0.43,23.47,Júpiter,Neptuno,Tierra
af9f8cf7-063e-4ed2-8f91-d10e36cc8e36,2.17,0.55,14.35,Neptuno,Tierra,Saturno
f89120e6-6e67-48c5-a234-3a42567fdfef,1.68,0.7,6.86,Urano,Saturno,Tierra
5ff361b8-d527-42db-a523-c211b0be6b8f,1.21,0.5,9.68,Tierra,Saturno,Urano
e4006efe-145e-4b27-ac5b-3a4fb291cf27,1.02,0.6,5.67,Marte,Urano,Saturno
1aa09fca-a2e6-4c68-a87f-d77c83a61e91,1.78,0.69,7.48,Urano,Saturno,Tierra
beeaffac-b9b8-440a-a30d-b5b0ec793459,1.54,0.49,12.83,Neptuno,Tierra,Saturno
39b78ae6-6cc0-48ca-b311-c867f05036ff,2.16,0.47,19.56,Júpiter,Neptuno,Tierra
1c990587-6feb-48fb-8e4d-4b8b097acbed,1.37,0.48,11.89,Neptuno,Tierra,Saturno
624e2048-b2f4-4672-afd4-a98ef18f7f53,1.33,0.65,6.3,Urano,Marte,Saturno
d70fe38a-a531-4583-968e-f9028857f461,1.98,0.5,15.84,Neptuno,Tierra,Saturno
7af0a2f4-ef39-48ea-9017-0893dc1a0358,2.43,0.43,26.28,Júpiter,Neptuno,Tierra
ab3d8379-8b7c-4b22-b84d-dfe112150dd2,2.18,0.5,17.44,Neptuno,Júpiter,Tierra
511387c3-cf85-4b41-9781-d774c8163597,2.12,0.43,22.93,Júpiter,Neptuno,Tierra
9d65b687-3942-4f1a-b5bb-6b91e7d7afb5,2.2,0.58,13.08,Neptuno,Tierra,Saturno
67fdf1d2-5302-44ed-a3f6-259d63400d4e,1.15,0.64,5.62,Marte,Urano,Saturno
18d4ad98-677d-49ad-9066-13aabbb122ca,1.9,0.41,22.61,Júpiter,Neptuno,Tierra
26971c48-d66d-41ba-a306-3d74a6ee436a,1.7,0.45,16.79,Neptuno,Tierra,Saturno
885584cc-216e-4b73-aaf1-18c1679622e2,1.41,0.67,6.28,Urano,Marte,Saturno
632c97e2-4945-4b90-a48c-8fed04fdc8ac,2.45,0.57,15.08,Neptuno,Tierra,Saturno
82fb4293-0bcd-48d3-b8dd-4b7acbecf974,2.24,0.46,21.17,Júpiter,Neptuno,Tierra
0983d5f8-e59c-4646-8729-40c777f599ff,2.17,0.58,12.9,Neptuno,Tierra,Saturno
7d4c55ec-f769-4ddc-80b9-5c6a3128e26c,1.59,0.64,7.76,Urano,Saturno,Tierra
53a6f5b6-a411-45fa-9d6f-c3b4265474ab,1.33,0.69,5.59,Marte,Urano,Saturno
8dc9c396-8a7d-4fbf-b298-2031d58c9e0d,1.72,0.64,8.4,Urano,Saturno,Tierra
f5d17241-85d0-47e6-9a1c-32dcb0980702,2.44,0.44,25.21,Júpiter,Neptuno,Tierra
a54ec6fc-a27c-4c92-b5fd-be3895bcd38d,1.09,0.63,5.49,Marte,Urano,Saturno
4b907769-0e41-4810-9fc0-5cbb179cf82c,1.06,0.46,10.02,Tierra,Neptuno,Saturno
26d5121c-f45d-4ab8-ac57-cf3cb42b93aa,1.41,0.56,8.99,Saturno,Urano,Tierra
1627a433-4eba-43ab-b23a-d9d9e1132e5a,1.05,0.54,7.2,Urano,Saturno,Tierra
93308676-1566-434c-b4a4-22e7b6c4cd5e,2.32,0.6,12.89,Neptuno,Tierra,Saturno
ea5958b7-5e7c-46fe-972f-f637adc060ac,1.29,0.63,6.5,Urano,Saturno,Marte
fcca22ce-9fba-4ad8-84cf-cf7d9ec36754,1.7,0.66,7.81,Urano,Saturno,Tierra
1daae94f-8dc4-4ae7-8725-dd3a1b01502f,0.86,0.67,3.83,Marte,Urano,Saturno
b916131d-ff5c-490e-a396-9b26e8a99068,0.92,0.41,10.95,Neptuno,Tierra,Saturno
8a59ac45-8ccf-4d21-b90a-4746d627fabc,1.37,0.64,6.69,Urano,Saturno,Marte
032465ff-8306-406e-8062-eefda39700a7,2.18,0.4,27.25,Júpiter,Neptuno,Tierra
1307cb50-5ba9-4492-8d08-4ce2d3f32388,1.31,0.51,10.07,Tierra,Neptuno,Saturno
22409605-e212-41d0-b4e7-c50dd7897464,2.11,0.44,21.8,Júpiter,Neptuno,Tierra
c1462063-00c0-4f79-86f1-d0d1294eab60,1.4,0.56,8.93,Saturno,Urano,Tierra
5fc7a6d6-e7f9-41cc-bfab-b6f295873872,1.33,0.46,12.57,Neptuno,Tierra,Saturno
4a75342c-348b-4b24-adfc-5deec98cca6b,1.65,0.45,16.3,Neptuno,Tierra,Saturno
c67bbe38-5022-47e0-9900-583ae554833a,1.92,0.61,10.32,Tierra,Neptuno,Saturno
16ce022f-67fb-4e6c-bcc4-d6c3c96d8d16,1.11,0.47,10.05,Tierra,Neptuno,Saturno
44e4aa0f-28fb-4ae3-9bef-014d72123a19,1.33,0.59,7.64,Urano,Saturno,Tierra
d7190e43-287c-4c1b-b0c3-ff89e2e14f25,1.35,0.56,8.61,Urano,Saturno,Tierra
1d9db454-0e32-49b2-b8e1-24811d3a2f5c,1.96,0.49,16.33,Neptuno,Tierra,Saturno
9d564ede-fcfc-45c8-bfad-2a09790f0ab0,2.18,0.63,10.99,Neptuno,Tierra,Saturno
82fcb0da-3218-4036-91c8-e4ae25f63415,0.83,0.52,6.14,Marte,Urano,Saturno
e04b813f-b070-40b6-bcd0-1c7c13f5db29,1.94,0.57,11.94,Neptuno,Tierra,Saturno
4aa0a918-d568-4445-91d4-2a6864628fb9,1.27,0.58,7.55,Urano,Saturno,Tierra
f245a6cf-ba31-46da-8f54-129e36e3605a,0.91,0.56,5.8,Marte,Urano,Saturno
059782cf-737f-4cb3-910b-c6d12d060063,2.23,0.57,13.73,Neptuno,Tierra,Saturno
074ca867-0334-4650-bef0-a41704893ecc,1.82,0.63,9.17,Saturno,Urano,Tierra
f19fe0b6-759e-4154-b75e-a9d9d64ecedc,1.48,0.6,8.22,Urano,Saturno,Tierra
8a8c397c-0dda-47b7-9cb0-3ead872e025f,2.1,0.66,9.64,Tierra,Saturno,Urano
adcd8716-91d2-49c2-9a8d-eee6a46d965c,2.3,0.59,13.21,Neptuno,Tierra,Saturno
c1db1e16-d12a-47f6-90b3-ce8cd6a7fc71,1.82,0.46,17.2,Neptuno,Tierra,Júpiter
8a37aa73-a97e-4a84-a942-e95b95975822,2.22,0.68,9.6,Tierra,Saturno,Urano
50f07e7a-b559-43b4-bbb8-e70b027209e6,1.58,0.68,6.83,Urano,Saturno,Tierra
63d70e51-3a53-4a6f-a41c-6247d0863f34,1.93,0.6,10.72,Neptuno,Tierra,Saturno
e2ef8999-f2c8-40ff-a279-0386e6895659,2.27,0.45,22.42,Júpiter,Neptuno,Tierra
c5cd8a98-d16a-4854-a296-ba4704c93d48,2.05,0.69,8.61,Urano,Saturno,Tierra
120fba46-b516-48fe-870b-49788e89480f,1.6,0.54,10.97,Neptuno,Tierra,Saturno
fa597454-338f-4a7a-8592-9cd64d7f9d46,1.48,0.65,7.01,Urano,Saturno,Tierra
dcf4b456-e97f-44f1-a592-7202e71b3b26,1.57,0.65,7.43,Urano,Saturno,Tierra
28053cfd-c9d3-459b-ac85-94e9d4aa47ce,2.12,0.53,15.09,Neptuno,Tierra,Saturno
7ad1820b-8c51-4a44-8834-4d171004f765,0.8,0.67,3.56,Marte,Urano,Saturno
f2968387-785c-490c-aa34-44f54c21646f,1.34,0.47,12.13,Neptuno,Tierra,Saturno
04882f78-4c01-4562-915a-1a9cc5ada61b,1.26,0.67,5.61,Marte,Urano,Saturno
851ac038-1dfb-4ccc-8098-e52460ee4d7c,2.36,0.6,13.11,Neptuno,Tierra,Saturno
1bedc13f-34a1-46a2-ba38-635d9d26a553,0.82,0.56,5.23,Marte,Urano,Saturno
6577444d-c2f7-4afd-ab9e-5b0ca0712482,1.03,0.47,9.33,Saturno,Tierra,Urano
200079a8-33ed-4c6c-9335-a41deff9f7a1,1.32,0.69,5.55,Marte,Urano,Saturno
9031de12-4052-4452-8a0f-9739c5595afd,1.67,0.55,11.04,Neptuno,Tierra,Saturno
03f2cd13-18b4-4102-95cc-07d9d76d0fd2,2.04,0.66,9.37,Saturno,Tierra,Urano
9d71164b-74a8-4293-895c-f7136a60d027,1.55,0.55,10.25,Tierra,Neptuno,Saturno
da4857bf-292f-412f-912a-e09e89614819,0.95,0.41,11.3,Neptuno,Tierra,Saturno
1400c539-3062-43f2-a930-84eaec791a9d,1.65,0.61,8.87,Saturno,Urano,Tierra
90c5dabe-c75a-473b-8a8f-f56eae3a7b43,1.88,0.61,10.1,Tierra,Neptuno,Saturno
db22a05a-e15a-4bf0-8f5a-2a0a2ba7f2aa,2.17,0.69,9.12,Saturno,Urano,Tierra
ff4089d3-5ae4-406b-ab86-d4caa1c2d53c,2.02,0.5,16.16,Neptuno,Tierra,Saturno
8a3cedc7-000f-4bd6-927b-9d66b1f0b3fc,0.81,0.66,3.72,Marte,Urano,Saturno
5693a730-4c99-4a1a-b775-32463dc2899b,1.78,0.67,7.93,Urano,Saturno,Tierra
2e55a586-9964-44cb-9978-38cf4262bd24,1.8,0.66,8.26,Urano,Saturno,Tierra
f5bb1dd3-fc2c-42e1-9f2a-a642ebee47a2,1.44,0.69,6.05,Marte,Urano,Saturno
3fe8a998-6a42-45c6-b1f6-30bdee8415db,1.21,0.65,5.73,Marte,Urano,Saturno
d1e0dd9b-5a56-43a0-9ca1-cfc7a5e16dbb,1.73,0.53,12.32,Neptuno,Tierra,Saturno
de3a717c-0875-4d13-a247-ecbf703171b5,0.98,0.52,7.25,Urano,Saturno,Tierra
5d01c5d4-3bf1-4de4-a86a-f95619ad91c7,0.94,0.69,3.95,Marte,Urano,Saturno
b4c219f6-f8e6-4905-ac8a-0469a114fc1c,2.27,0.41,27.01,Júpiter,Neptuno,Tierra
dda4a105-2979-414d-83f3-0be771be4d58,1.98,0.41,23.56,Júpiter,Neptuno,Tierra
b9030bbc-816f-40e2-95d9-32383e2adb72,1.82,0.62,9.47,Tierra,Saturno,Urano
a10b9d14-b724-49bb-a062-46e5514d41b8,2.27,0.69,9.54,Tierra,Saturno,Urano
d8af595f-6279-41c6-b336-8f3f66eb92af,1.33,0.4,16.62,Neptuno,Tierra,Saturno
0543eaa5-fa8d-4c82-9dd8-e578fdf9ce1c,1.98,0.44,20.45,Júpiter,Neptuno,Tierra
08e89b12-3e14-4769-a969-59552781d141,1.43,0.59,8.22,Urano,Saturno,Tierra
d4ca8957-166d-47b3-8b01-517862a5543d,1.49,0.63,7.51,Urano,Saturno,Tierra
562d20eb-ecd6-46ef-a70e-cc06948f1ac4,2.5,0.47,22.63,Júpiter,Neptuno,Tierra
568673c3-7593-4309-825e-60d4b1ac1002,0.81,0.51,6.23,Urano,Marte,Saturno
96963da6-3131-4b33-9ded-60e6b55884c7,2.16,0.54,14.81,Neptuno,Tierra,Saturno
0dad3dcd-701d-4935-a9c1-ca662bd04ea1,1.43,0.41,17.01,Neptuno,Tierra,Júpiter
7f90d026-6e29-4db5-8ee7-90ea0a500cb3,1.68,0.67,7.48,Urano,Saturno,Tierra
55cd6357-d424-4260-b350-cb62b88c031b,2.47,0.48,21.44,Júpiter,Neptuno,Tierra
c653689d-d5c3-4a8f-84e7-2f3aa1406196,1.64,0.51,12.61,Neptuno,Tierra,Saturno
09a8e761-a7af-4c91-8a00-8415d28238c4,2.48,0.58,14.74,Neptuno,Tierra,Saturno
7da00284-5729-4a89-b1f3-55cc41e01dc1,2.48,0.62,12.9,Neptuno,Tierra,Saturno
ab16aaeb-ab61-4f8a-9481-2211148990de,1.32,0.45,13.04,Neptuno,Tierra,Saturno
61ec8f92-2473-4456-8242-bcf4dc86f172,1.64,0.55,10.84,Neptuno,Tierra,Saturno
cdb459c4-5a4e-4c94-8ee1-2127ccf6fce8,2.36,0.59,13.56,Neptuno,Tierra,Saturno
a47be1c5-4d3e-45c5-8d63-eb2aa4bf7626,1.52,0.64,7.42,Urano,Saturno,Tierra
b5847291-7728-485c-b637-8919285bdc64,1.96,0.48,17.01,Neptuno,Tierra,Júpiter
a983aa45-457c-4f58-ad8f-43a55e1a3462,1.26,0.4,15.75,Neptuno,Tierra,Saturno
44337240-60fe-498e-892a-7aa35478fb8c,1.94,0.66,8.91,Saturno,Urano,Tierra
7dd4e39e-3620-42e3-8b1e-491f41790a87,0.82,0.68,3.55,Marte,Urano,Saturno
824316e3-d5d3-42dd-9f2d-953fc6c8c25c,1.22,0.49,10.16,Tierra,Neptuno,Saturno
748db372-0459-4351-b195-8df921996820,1.3,0.53,9.26,Saturno,Tierra,Urano
729a7008-81db-481b-a7f2-20cade176883,1.62,0.57,9.97,Tierra,Saturno,Neptuno
1047c817-5020-4f12-baef-2fefbc7cc812,1.26,0.5,10.08,Tierra,Neptuno,Saturno
e0c846d4-146a-4208-982c-62a57b901998,2.45,0.47,22.18,Júpiter,Neptuno,Tierra
36f9da0d-db24-4be7-9804-e2f914500471,1.58,0.46,14.93,Neptuno,Tierra,Saturno
47e79981-db92-460e-aeb5-702e34d71c44,0.97,0.66,4.45,Marte,Urano,Saturno
f3ee0159-0b37-4ab8-aef6-6e8adaab5e52,2.0,0.45,19.75,Júpiter,Neptuno,Tierra
80f4aec2-36f8-460e-8c54-866881f1ad9d,1.56,0.6,8.67,Urano,Saturno,Tierra
7344e01b-2a16-433c-ad06-cd7ddb60b4c1,0.93,0.58,5.53,Marte,Urano,Saturno
ab727c70-33b3-4f59-9a33-bc133e7f3067,1.4,0.55,9.26,Saturno,Tierra,Urano
d60924e8-717f-4202-a975-1fc7a31fffae,1.95,0.69,8.19,Urano,Saturno,Tierra
d61ff9a7-44a3-4f9f-8fb7-6e44f71930ad,1.87,0.59,10.74,Neptuno,Tierra,Saturno
70510982-6d1f-47cb-8664-3e54d92e88de,1.92,0.5,15.36,Neptuno,Tierra,Saturno
bd69b2e2-0628-44c4-b8d1-5d9f1bf0d32c,1.14,0.69,4.79,Marte,Urano,Saturno
cf72b21b-d644-4439-b8a1-c9d3ccc57dd5,1.95,0.57,12.0,Neptuno,Tierra,Saturno
95583bc6-4a4a-42ab-9ca1-37893c31b9c4,1.61,0.51,12.38,Neptuno,Tierra,Saturno
901ca886-5db6-4765-b1fc-4b6b9f716a08,1.86,0.58,11.06,Neptuno,Tierra,Saturno
7112458d-59ea-4177-9e6b-373ee7c17137,2.3,0.45,22.72,Júpiter,Neptuno,Tierra
f55253e1-499f-4c05-aef7-0816e5851d03,1.09,0.66,5.0,Marte,Urano,Saturno
d1f2cdb8-7959-4f20-885a-6df0b6b65012,1.49,0.47,13.49,Neptuno,Tierra,Saturno
32b51a55-7a9f-40a5-a27d-575295b778b0,0.81,0.58,4.82,Marte,Urano,Saturno
5ff3a39a-c10c-40e2-a94b-5fb7bd004007,1.19,0.56,7.59,Urano,Saturno,Tierra
d2bd6c81-9ddf-4986-8e80-4b4aa734efa6,0.87,0.52,6.43,Urano,Saturno,Marte
e55b3b7f-4a6e-4f26-821f-b8ac8102ce01,2.34,0.45,23.11,Júpiter,Neptuno,Tierra
3bee4137-e5ba-4816-a850-899a95c6c88a,1.82,0.42,20.63,Júpiter,Neptuno,Tierra
63b5abbd-7c29-42f7-92ee-e830edb380fd,1.9,0.52,14.05,Neptuno,Tierra,Saturno
8c735976-e71b-4f60-833b-cab68128776c,0.88,0.41,10.47,Neptuno,Tierra,Saturno
51106eeb-a229-4832-a36a-377729df8458,0.9,0.5,7.2,Urano,Saturno,Tierra
7a5d2ae6-b1af-4d91-98dd-f3542b595c53,1.05,0.54,7.2,Urano,Saturno,Tierra
2aad7291-9ed0-4983-9d4e-ea6d7799cdc2,0.84,0.68,3.63,Marte,Urano,Saturno
1c5f2470-e52a-4829-b150-1563eb10aecf,2.01,0.43,21.74,Júpiter,Neptuno,Tierra
99b5bcac-8cc6-49ab-be96-ae77cadead29,1.25,0.63,6.3,Urano,Marte,Saturno
571a482c-d61f-44a2-afc0-4bf0f9661c42,1.19,0.43,12.87,Neptuno,Tierra,Saturno
bc1a0777-cfaa-4bb8-bee5-7d7b4cad8171,0.98,0.62,5.1,Marte,Urano,Saturno
d9fc7447-ffcf-40f0-9326-2312c138b83d,1.79,0.45,17.68,Neptuno,Júpiter,Tierra
86065fdc-960f-4541-b3ba-a633e6a18cbc,1.99,0.66,9.14,Saturno,Urano,Tierra
3092efdc-553b-4c76-b90d-273b2bee25e2,2.05,0.51,15.76,Neptuno,Tierra,Saturno
2a4f9a2b-fd39-4e4f-96ab-a4a162d0489a,1.21,0.41,14.4,Neptuno,Tierra,Saturno
3f9c20db-45a6-4a49-86b8-45abd6916169,2.34,0.63,11.79,Neptuno,Tierra,Saturno
c33377c1-29ef-45a7-8883-0950f788abe5,2.01,0.42,22.79,Júpiter,Neptuno,Tierra
73a860b0-af26-4e46-bd04-f81e26ffd8b6,1.84,0.64,8.98,Saturno,Urano,Tierra
0e59befb-28f5-45b6-9799-d07721fa7b5f,2.27,0.67,10.11,Tierra,Neptuno,Saturno
8938b2f0-ee9f-4ae0-9f0c-7316e2bac01f,1.61,0.7,6.57,Urano,Saturno,Marte
099c9e5e-ac67-4bb0-97c9-59cd22d82a09,1.36,0.43,14.71,Neptuno,Tierra,Saturno
9d82b8d3-b237-499f-8285-c4d030e90f60,1.03,0.49,8.58,Urano,Saturno,Tierra
617a3710-98f6-4e4c-a1b3-a4f222ad4d90,1.67,0.47,15.12,Neptuno,Tierra,Saturno
33a21ce4-6eb7-4664-8ae7-86b81df83b92,2.28,0.55,15.07,Neptuno,Tierra,Saturno
e3ea851f-71bb-4307-8c1d-5139002bbb2b,0.97,0.51,7.46,Urano,Saturno,Tierra
17dd2e3c-f17a-4560-b81c-829516b9b293,0.99,0.44,10.23,Tierra,Neptuno,Saturno
b9ffc2d9-1325-4b8d-a67a-4873ebdcf36e,1.6,0.54,10.97,Neptuno,Tierra,Saturno
497f42f9-c40c-4587-ac22-5be1f9ab9fac,1.24,0.67,5.52,Marte,Urano,Saturno
4b0635d8-cf21-4537-8c93-853cd79f6e5e,1.06,0.53,7.55,Urano,Saturno,Tierra
b37abd3a-9a4d-4038-81a1-1c401f5d173a,1.84,0.43,19.9,Júpiter,Neptuno,Tierra
02a4e052-b3cb-44d4-bc84-0d7632d57570,1.81,0.47,16.39,Neptuno,Tierra,Saturno
d1ac41fd-a2d4-4696-b728-1917d40af354,1.38,0.63,6.95,Urano,Saturno,Tierra
a6cc8087-bd96-4b91-b497-c651206f3d73,1.43,0.69,6.01,Marte,Urano,Saturno
265848f8-2122-42ad-9f86-f9b84e6d333f,0.84,0.69,3.53,Marte,Urano,Saturno
030f2386-1f6f-4a3c-b47f-5d089fbbc1e8,1.05,0.57,6.46,Urano,Saturno,Marte
8e546491-0a2b-4c41-997b-0aee8b9787ad,1.74,0.43,18.82,Júpiter,Neptuno,Tierra
6d353836-04e3-42ea-8ab8-b514a667b763,1.53,0.41,18.2,Júpiter,Neptuno,Tierra
c45527b8-6c3c-4dbf-9bbe-84ed6e43acd8,1.37,0.59,7.87,Urano,Saturno,Tierra
cba78842-e923-477e-91c8-468c3c0ec774,1.48,0.49,12.33,Neptuno,Tierra,Saturno
26de1250-ea3e-4a68-80d0-1414e3653131,1.29,0.58,7.67,Urano,Saturno,Tierra
b4c379af-d647-4815-8160-d3d2a40f5aca,2.32,0.62,12.07,Neptuno,Tierra,Saturno
94b82eec-5219-430b-87e4-94d958e84d85,1.81,0.47,16.39,Neptuno,Tierra,Saturno
0d7eaa1f-923c-47d6-baba-00de94cb08aa,2.01,0.45,19.85,Júpiter,Neptuno,Tierra
371c21c2-0006-48ba-be9c-5754dbbc2c13,2.45,0.49,20.41,Júpiter,Neptuno,Tierra
b296d69e-5af8-4452-b9ea-a0ae36489024,1.16,0.42,13.15,Neptuno,Tierra,Saturno
28623a02-2057-41a1-ac73-6af5df3cb032,2.32,0.48,20.14,Júpiter,Neptuno,Tierra
e85c5339-f909-42c0-a654-1112390bc3ad,2.24,0.7,9.14,Saturno,Urano,Tierra
da9dfde4-d332-41e0-9b06-15c53df822b2,1.69,0.46,15.97,Neptuno,Tierra,Saturno
a9f905c4-325e-4400-846a-8842a1248e05,0.92,0.64,4.49,Marte,Urano,Saturno
1b88f981-fd15-4762-96ef-23d03735f3cb,1.17,0.52,8.65,Urano,Saturno,Tierra
6a6042b7-476a-4309-9f8c-a3e92caf53cf,2.06,0.44,21.28,Júpiter,Neptuno,Tierra
fa319034-f280-4a8c-84cf-345bf860279d,1.69,0.58,10.05,Tierra,Neptuno,Saturno
5d283b1d-bd30-4250-8506-d4aa11768f3d,0.84,0.45,8.3,Urano,Saturno,Tierra
3c5c5139-6d3d-4d90-a813-4ae579f827aa,0.98,0.69,4.12,Marte,Urano,Saturno
0a3279c1-633f-48f6-986f-65258ddb236b,2.29,0.55,15.14,Neptuno,Tierra,Saturno
0c6ff929-8bdc-4c9b-ad1d-cf053387a01e,2.05,0.44,21.18,Júpiter,Neptuno,Tierra
af1f2fcf-db4d-4f2d-8102-941cced9d2aa,1.93,0.69,8.11,Urano,Saturno,Tierra
56ad511d-7349-4fa8-acf4-16192ffbd610,1.25,0.48,10.85,Neptuno,Tierra,Saturno
b4f52712-ad6f-4ec6-b516-2ebef10d6d8c,2.48,0.49,20.66,Júpiter,Neptuno,Tierra
6a323605-dfc4-4fbb-8d07-5201dcaf1554,1.26,0.48,10.94,Neptuno,Tierra,Saturno
4b7b8aff-a3a9-444e-a00a-99edb7803aa8,0.85,0.53,6.05,Marte,Urano,Saturno
1d837a22-8905-48f5-8f66-5b06a768c02c,0.96,0.59,5.52,Marte,Urano,Saturno
4a550771-d265-4923-8807-f4b02bbf8759,1.02,0.44,10.54,Neptuno,Tierra,Saturno
ca73302e-f788-45c8-a791-0a05ef1067e6,1.25,0.48,10.85,Neptuno,Tierra,Saturno
a9a7f343-eb0e-4da1-8b23-531021611e57,1.2,0.54,8.23,Urano,Saturno,Tierra
f60c503b-87fa-4a4d-84d4-59f7eb7fde63,1.01,0.52,7.47,Urano,Saturno,Tierra
848b2521-a31b-45b3-b6c2-77095237f060,2.35,0.58,13.97,Neptuno,Tierra,Saturno
973cb684-6654-403c-887b-bf03398fb3a6,1.5,0.57,9.23,Saturno,Urano,Tierra
ac7f0653-fdb1-45fb-9d2f-b4aac8d4758b,1.94,0.51,14.92,Neptuno,Tierra,Saturno
5bd9df98-8c8a-4163-95be-e9d2ffe360ac,2.07,0.46,19.57,Júpiter,Neptuno,Tierra
168b8ca2-a7b4-4686-98b4-e11b263f15e2,1.8,0.6,10.0,Tierra,Saturno,Neptuno
9624d0c7-a681-4679-8508-aa9a4f721c19,1.98,0.67,8.82,Urano,Saturno,Tierra
2f5ae6fb-fb22-4c92-ab6c-3692e755fc19,1.83,0.55,12.1,Neptuno,Tierra,Saturno
6222596d-7f79-42e8-a25e-695957eedbe9,2.14,0.41,25.46,Júpiter,Neptuno,Tierra
99fa9a3c-46cf-42d9-9281-78b81cdf0538,1.7,0.61,9.14,Saturno,Urano,Tierra
db4d965f-929d-4035-9021-7267c8d0fee0,1.23,0.55,8.13,Urano,Saturno,Tierra
280c4876-201b-4c1b-87d6-da0a9d54ab7b,2.5,0.62,13.01,Neptuno,Tierra,Saturno
db440bff-79ce-4018-9e2d-fcd60d42df86,2.33,0.46,22.02,Júpiter,Neptuno,Tierra
b487eaa7-2982-408b-a1f7-674049b73f90,1.09,0.42,12.36,Neptuno,Tierra,Saturno
88103737-24d6-434e-aaa8-c55c1fbf3fc9,1.68,0.65,7.95,Urano,Saturno,Tierra
89b5af49-d0b1-4f4b-9ee8-7c6ea58c0dbf,2.26,0.56,14.41,Neptuno,Tierra,Saturno
c713eac0-ff3b-4283-b8f8-365b39027e27,0.92,0.61,4.94,Marte,Urano,Saturno
39b712cf-07d7-434b-a4b9-738e2591148c,2.34,0.42,26.53,Júpiter,Neptuno,Tierra
00988152-015f-4fc6-b082-e41aa52adf43,1.16,0.52,8.58,Urano,Saturno,Tierra
7f595355-b250-4fad-a932-be608ff1ed51,2.15,0.57,13.23,Neptuno,Tierra,Saturno
94a7a27c-6030-4d4d-914b-cde0d808466f,1.25,0.64,6.1,Marte,Urano,Saturno
ef6b197c-cbef-45fb-b625-30939961c8dc,1.11,0.55,7.34,Urano,Saturno,Tierra
587d95c4-37d4-4031-a27f-44a94ab002fa,1.4,0.42,15.87,Neptuno,Tierra,Saturno
88bf61c1-275b-4ea2-9ac6-65d797dd9e4a,1.13,0.5,9.04,Saturno,Urano,Tierra
0b6924d8-f0e9-4f86-886f-53cf65a0ba29,1.81,0.66,8.31,Urano,Saturno,Tierra
c16d2b48-a1ef-4c88-9f1e-3de0f797d29d,2.07,0.55,13.69,Neptuno,Tierra,Saturno
87acecae-2dff-45fc-9b10-a5c9193b2d4d,1.2,0.62,6.24,Urano,Marte,Saturno
c308c6a7-b576-456e-82a7-d17cb9ed331e,1.3,0.48,11.28,Neptuno,Tierra,Saturno
d56ed23a-dfd8-49c6-b406-7806bfb86ebf,1.19,0.64,5.81,Marte,Urano,Saturno
9ecdea8c-8070-4f67-a0b7-df66a9390a6f,2.09,0.67,9.31,Saturno,Tierra,Urano
79c12ebe-2a14-493b-af57-64df740b292f,1.42,0.69,5.97,Marte,Urano,Saturno
e73e86e7-31ef-491b-bead-60330306b647,1.34,0.61,7.2,Urano,Saturno,Tierra
eab24eb5-b319-42d9-900b-89d57ae56194,2.17,0.67,9.67,Tierra,Saturno,Urano
91b6f37c-f160-4c5b-a82f-1a6fcfcde106,1.47,0.43,15.9,Neptuno,Tierra,Saturno
30029800-cdc5-48dc-8e13-dd3e258e52a6,1.48,0.48,12.85,Neptuno,Tierra,Saturno
c571427d-3a5f-4b91-aae2-0ed4ee48806c,1.87,0.49,15.58,Neptuno,Tierra,Saturno
b3da34ae-455d-4dec-9f16-18e0d07889c2,1.87,0.56,11.93,Neptuno,Tierra,Saturno
b1983f7d-0d12-4e40-b70b-3a0340e1ac5c,1.52,0.7,6.2,Urano,Marte,Saturno
0de7495d-595f-4181-a7ff-2756ec82c08e,2.25,0.59,12.93,Neptuno,Tierra,Saturno
8f9daa7e-c537-463f-81a4-329f839a231c,1.23,0.44,12.71,Neptuno,Tierra,Saturno
f76db442-b697-48af-9537-f3dda5279ecf,2.0,0.55,13.22,Neptuno,Tierra,Saturno
5a96c564-4f92-4584-a976-92bf55fcfefb,1.28,0.45,12.64,Neptuno,Tierra,Saturno
4bed9b6c-f6f0-4e70-ad1b-62426f1bc8a9,1.33,0.47,12.04,Neptuno,Tierra,Saturno
7978160b-9cca-4bbc-b7cd-97df4d7f3233,2.25,0.41,26.77,Júpiter,Neptuno,Tierra
15b11bc4-4e8b-4542-9984-a228ea3ce80a,1.06,0.46,10.02,Tierra,Neptuno,Saturno
f58648ff-ca3c-438a-adf3-bb1a209d52f8,2.36,0.59,13.56,Neptuno,Tierra,Saturno
d594ece2-6e6d-4f25-b23d-fc1a06bfbaa1,1.13,0.47,10.23,Tierra,Neptuno,Saturno
a294f8e0-3b51-4c5c-8715-abb0d61f640b,0.81,0.53,5.77,Marte,Urano,Saturno
dc8e6987-d941-46cc-9974-9ad55af772a6,1.8,0.47,16.3,Neptuno,Tierra,Saturno
b3366e78-11ec-42f6-92e8-fb9ddacf1302,1.35,0.59,7.76,Urano,Saturno,Tierra
076b05d1-fce3-47a7-9c75-9da441001019,0.98,0.49,8.16,Urano,Saturno,Tierra
842226c8-92a1-4390-a1b6-365129e853db,1.77,0.45,17.48,Neptuno,Júpiter,Tierra
3885f0bd-42e2-4458-b2cb-4320e856983d,0.87,0.55,5.75,Marte,Urano,Saturno
475367f8-0126-4bd8-9247-b03c2f6c73c6,2.45,0.63,12.35,Neptuno,Tierra,Saturno
a6c7fa46-18d7-44b0-80a3-46043e88447a,0.92,0.53,6.55,Urano,Saturno,Marte
723d8aaa-511b-41af-9525-e3de067c2c25,1.47,0.64,7.18,Urano,Saturno,Tierra
732a320d-1293-4403-a500-941da31d1b97,0.83,0.43,8.98,Saturno,Urano,Tierra
96e18bc9-b32f-467f-a0f1-15b235d92bbe,1.25,0.45,12.35,Neptuno,Tierra,Saturno
b049f360-c260-436d-bbc5-d4e5850a766a,2.07,0.61,11.13,Neptuno,Tierra,Saturno
07ecc4e5-405e-4acb-af2f-01027eb08020,1.75,0.64,8.54,Urano,Saturno,Tierra
630f753d-cc1e-48b6-8f52-5f664dade7b8,1.71,0.5,13.68,Neptuno,Tierra,Saturno
01ead3d3-ccae-4218-81e9-d3b10d3c9634,0.93,0.47,8.42,Urano,Saturno,Tierra
a93c077a-9c60-4eb5-a744-e8363df338f3,1.58,0.5,12.64,Neptuno,Tierra,Saturno
c27648ea-26c8-4f04-8fe7-1e225111a59f,2.48,0.46,23.44,Júpiter,Neptuno,Tierra
5a0b5e10-c3bd-41d9-b578-0c8edd40b6fa,2.31,0.56,14.73,Neptuno,Tierra,Saturno
724d87b0-75aa-4c29-800d-8ce478ee9688,1.98,0.7,8.08,Urano,Saturno,Tierra
9cfdeb9c-724a-4665-a595-bd7a32a8215e,1.56,0.41,18.56,Júpiter,Neptuno,Tierra
5bc93b7f-48b8-455b-bb7b-3c91f43d7a53,1.2,0.7,4.9,Marte,Urano,Saturno
aa05cd1d-967c-4482-a456-4debbd9eac1f,2.03,0.68,8.78,Urano,Saturno,Tierra
79a82151-aaea-4843-9507-3b151e1b8dc0,1.46,0.4,18.25,Júpiter,Neptuno,Tierra
cf725544-3c57-4f10-8f53-457bf39a6338,2.11,0.66,9.69,Tierra,Saturno,Urano
51b54943-5580-43e9-b4a8-351194402478,2.41,0.53,17.16,Neptuno,Tierra,Júpiter
dcfdb3a0-5c02-4874-b4e7-8c006079f8ff,0.85,0.63,4.28,Marte,Urano,Saturno
0e6a960e-f946-4d69-b59d-1596bb4f1efe,2.27,0.48,19.7,Júpiter,Neptuno,Tierra
0ad06a0d-5425-4ab3-80db-93f2b40720fa,1.9,0.56,12.12,Neptuno,Tierra,Saturno
7175b7bc-4da5-48a2-8382-23e00a9dc563,1.44,0.6,8.0,Urano,Saturno,Tierra
9c1e61df-eb26-4de6-b27a-2a726f0ce1f1,2.22,0.61,11.93,Neptuno,Tierra,Saturno
c8d99a0f-d4bf-402c-9b54-270e5c02db74,1.45,0.56,9.25,Saturno,Tierra,Urano
1966e87a-6f27-495a-9870-463b86e3f2ef,1.06,0.44,10.95,Neptuno,Tierra,Saturno
9f52132a-5d5f-4fd5-ace5-b12fb88969c9,2.45,0.41,29.15,Júpiter,Neptuno,Tierra
5454a8bc-d0e2-489d-965f-05a510d701f5,0.94,0.6,5.22,Marte,Urano,Saturno
3549a911-4f5c-4240-9cb4-07b65be85372,1.47,0.58,8.74,Urano,Saturno,Tierra
2aac1f85-f48a-425b-b4c5-c116221aad9c,2.3,0.47,20.82,Júpiter,Neptuno,Tierra
f7ed263d-b0a1-4f6c-8b76-4002236033c5,1.26,0.44,13.02,Neptuno,Tierra,Saturno
9123d0ba-a39b-4dca-8135-407a4dd34162,1.8,0.59,10.34,Tierra,Neptuno,Saturno
58bbbcbe-b9c2-40fc-8a94-f653fd82eb35,2.44,0.62,12.7,Neptuno,Tierra,Saturno
fe38adf5-3dd3-4851-9ee2-123b63bbe3f9,1.86,0.69,7.81,Urano,Saturno,Tierra
1af59edc-d82c-4e6e-9a6a-3d564e06efb1,1.53,0.64,7.47,Urano,Saturno,Tierra
552e2c05-1acf-4bae-b0d5-eb9d96a0b496,1.81,0.45,17.88,Neptuno,Júpiter,Tierra
38a85263-6f35-492e-9ea7-f1a6a688aa8e,1.47,0.63,7.41,Urano,Saturno,Tierra
70ad008e-512c-4384-a931-e177a90526d0,0.89,0.59,5.11,Marte,Urano,Saturno
9175b59e-d337-4999-9365-54ea4ce62956,1.49,0.65,7.05,Urano,Saturno,Tierra
e5b0c871-59ba-46e0-bd3e-1ef5979301cf,1.06,0.51,8.15,Urano,Saturno,Tierra
322cd2fc-6724-4c39-abc9-88bec1bb49ce,1.73,0.67,7.71,Urano,Saturno,Tierra
d701f5f0-737b-4a70-84e9-d3a416b73e19,1.59,0.41,18.92,Júpiter,Neptuno,Tierra
fc984397-538b-4f18-a5e0-87bbd0e97c05,1.01,0.55,6.68,Urano,Saturno,Marte
88da74a2-e3a7-4708-9383-f2a62eaa8b2d,0.93,0.62,4.84,Marte,Urano,Saturno
d99b626e-81f2-4c31-8e0f-591bf86fe394,0.86,0.59,4.94,Marte,Urano,Saturno
973409a4-6568-42e8-b758-668e961e2177,2.43,0.6,13.5,Neptuno,Tierra,Saturno
eb102e65-a7aa-4814-8df2-b4349913a660,1.01,0.44,10.43,Neptuno,Tierra,Saturno
860e2eab-fc17-4125-a6eb-b1af16a26acd,1.4,0.56,8.93,Saturno,Urano,Tierra
0f7721fb-c82a-44da-9427-be093b9e0b4f,2.39,0.62,12.43,Neptuno,Tierra,Saturno
9dc203f4-61fb-45b5-b1b6-9f60b084d36a,1.17,0.55,7.74,Urano,Saturno,Tierra
80e9d733-8310-432d-8e2d-4a9de3f0650e,2.48,0.64,12.11,Neptuno,Tierra,Saturno
9451b5d1-a5ce-4183-81f5-0f2028029580,1.88,0.56,11.99,Neptuno,Tierra,Saturno
3ebe9138-c935-48b5-a362-4dcd4f46da55,1.54,0.41,18.32,Júpiter,Neptuno,Tierra
402aafd9-bd60-423a-b112-1a105f2226e4,1.63,0.4,20.37,Júpiter,Neptuno,Tierra
5a37c7e8-edec-48ff-b51c-9a7f4f2d9583,2.47,0.7,10.08,Tierra,Neptuno,Saturno
1623f670-5537-4d69-adeb-1f45b9c6cb6b,1.45,0.57,8.93,Saturno,Urano,Tierra
ed38e602-3705-41e2-b7da-1e131f1be6dc,2.31,0.46,21.83,Júpiter,Neptuno,Tierra
9a16a48b-2c05-4dbb-a30f-a778defcbc38,0.96,0.56,6.12,Marte,Urano,Saturno
ddd31aaa-673f-4864-b8f3-09e4db9f0e5d,1.6,0.61,8.6,Urano,Saturno,Tierra
3e9027e0-f1a5-4c1c-b5f4-f69d1ddcd2d1,1.85,0.54,12.69,Neptuno,Tierra,Saturno
c389e415-f15c-44b7-bac1-6b26a70e5751,0.92,0.66,4.22,Marte,Urano,Saturno
2aa5e851-08b9-4559-9559-b40f9a32d142,1.12,0.46,10.59,Neptuno,Tierra,Saturno
624ee488-a637-414d-8017-d404299e54ec,1.68,0.41,19.99,Júpiter,Neptuno,Tierra
8d5df708-eb60-4ae3-8a2c-91486b7f42df,2.31,0.53,16.45,Neptuno,Tierra,Saturno
fda7de38-59a4-410d-9138-9414fd49e71f,2.37,0.48,20.57,Júpiter,Neptuno,Tierra
8915211f-72b4-4ed7-9b16-e1fd3448c6ed,2.09,0.48,18.14,Júpiter,Neptuno,Tierra
ae09de26-98b4-499d-a6b5-aebf00a92ec1,1.77,0.61,9.51,Tierra,Saturno,Urano
b611418c-3152-45d1-8d29-ab20d3aa526c,1.74,0.45,17.19,Neptuno,Tierra,Júpiter
ca1ecc9f-9b0d-42ec-8f9b-4f4330f8e44c,2.21,0.61,11.88,Neptuno,Tierra,Saturno
ee8801ab-8b69-43fb-9e35-1456a2bcb366,1.73,0.42,19.61,Júpiter,Neptuno,Tierra
9e32d982-b1b4-4954-959b-4da2fdfef693,0.8,0.47,7.24,Urano,Saturno,Tierra
acb25ad7-9f2b-4639-b115-f24bcf1e42e4,0.9,0.42,10.2,Tierra,Neptuno,Saturno
bf70273e-b284-4e96-ab38-6ce0b9a4d75c,0.99,0.42,11.22,Neptuno,Tierra,Saturno
95e05c12-6104-40b1-959a-7d7368937b61,1.51,0.4,18.87,Júpiter,Neptuno,Tierra
ee5e6412-2323-4664-8cea-86566fcc9748,1.7,0.63,8.57,Urano,Saturno,Tierra
6099a13c-8d21-4939-960d-491bd497749f,0.93,0.54,6.38,Urano,Saturno,Marte
db582f46-1a73-42df-b3e3-adde456eb49d,1.45,0.49,12.08,Neptuno,Tierra,Saturno
02b0e4f3-f3e6-4d5e-9d98-5ded1b6ac972,1.52,0.5,12.16,Neptuno,Tierra,Saturno
929e837c-3fd3-4d8b-b91a-c377912b96cb,1.62,0.54,11.11,Neptuno,Tierra,Saturno
f748e065-0453-4f94-8798-08abedcfc7aa,1.19,0.51,9.15,Saturno,Urano,Tierra
6cebe730-280b-487a-a88b-3da8743efd92,2.49,0.68,10.77,Neptuno,Tierra,Saturno
c20f15c6-1d44-482a-a7d5-5122d8fbca15,1.92,0.62,9.99,Tierra,Saturno,Neptuno
6d1a4213-1bcb-490c-9772-ef39dd85f865,1.63,0.42,18.48,Júpiter,Neptuno,Tierra
5a1e7939-ac38-4634-9754-a1c41df39897,1.27,0.65,6.01,Marte,Urano,Saturno
99b8d149-8929-42f4-a50c-2b27831e0d76,1.94,0.65,9.18,Saturno,Urano,Tierra
76a9fa96-e66d-48b9-8f44-01d0dcb67734,1.27,0.53,9.04,Saturno,Urano,Tierra
1c1617d2-2eb9-4094-ab4a-dc20e85efe9c,0.9,0.56,5.74,Marte,Urano,Saturno
112fc32f-cd43-4fe7-8250-d603dcd1ce1e,1.05,0.62,5.46,Marte,Urano,Saturno
26999071-1ec7-43dd-a46d-c4d7669b0314,1.18,0.45,11.65,Neptuno,Tierra,Saturno
95a2c3cf-79bd-4fa3-97b3-3176ccecd030,1.25,0.64,6.1,Marte,Urano,Saturno
2f524b47-95fb-44ee-b1fb-059c74b93a98,1.66,0.67,7.4,Urano,Saturno,Tierra
c5d00504-0388-4e14-b2ff-0275ccd3a0c8,2.35,0.46,22.21,Júpiter,Neptuno,Tierra
501b89dc-a2bc-4d07-8b4b-a6da86a0e756,0.86,0.47,7.79,Urano,Saturno,Tierra
59c37a26-f669-404a-a9e8-2eaf7d5923f8,1.87,0.64,9.13,Saturno,Urano,Tierra
db4f4e82-a5a2-47c9-ad4a-f0ab2c159f10,2.47,0.59,14.19,Neptuno,Tierra,Saturno
4764ccd5-c7d9-4aa7-a560-54789b140964,2.35,0.69,9.87,Tierra,Saturno,Neptuno
53ae14fd-9206-4c02-913f-e60657517953,1.55,0.61,8.33,Urano,Saturno,Tierra
6677798d-6500-447a-85bc-c03a56da5f5a,1.7,0.49,14.16,Neptuno,Tierra,Saturno
4a8586ac-5f91-46cd-b59c-3c9bcd25d8e0,1.98,0.67,8.82,Urano,Saturno,Tierra
09aa29b6-3f14-481c-9b26-0569fba48985,2.36,0.6,13.11,Neptuno,Tierra,Saturno
2422275f-40c1-4556-9f74-0f28fe1416db,1.26,0.57,7.76,Urano,Saturno,Tierra
d5ff9b48-b856-47c4-82e3-0d2909efa953,2.35,0.53,16.73,Neptuno,Tierra,Saturno
f62962f0-8882-4f15-ab37-624ec3f24a01,0.98,0.42,11.11,Neptuno,Tierra,Saturno
39208a1b-fb30-40b1-9f81-8f07416546b9,2.15,0.55,14.21,Neptuno,Tierra,Saturno
6d4d4410-780c-46a3-8805-8fdbc93c8346,2.37,0.41,28.2,Júpiter,Neptuno,Tierra
e08b8936-5606-4b8b-9a2a-74cef23ad109,1.08,0.62,5.62,Marte,Urano,Saturno
b5968a3d-3c7e-4c3d-b4fb-8d370ca13195,2.0,0.62,10.41,Neptuno,Tierra,Saturno
348e25d5-8176-4a63-b55a-0a96bdf2e83d,0.95,0.52,7.03,Urano,Saturno,Tierra
415c8f71-4629-4086-9946-41d41ada3ff0,1.12,0.57,6.89,Urano,Saturno,Tierra
948987e8-c3dd-4547-94ec-e1261df87387,1.26,0.41,14.99,Neptuno,Tierra,Saturno
a42cccca-81b3-4520-831d-a808e121cd31,2.14,0.69,8.99,Saturno,Urano,Tierra
e5787c83-819f-48b0-bb07-ee5e70d2e26b,1.67,0.46,15.78,Neptuno,Tierra,Saturno
9aeb4183-4b34-4f94-ae3f-a7d7242a5a70,2.4,0.56,15.31,Neptuno,Tierra,Saturno
c33df4df-8a87-4eab-85b0-eecf101c605c,1.15,0.45,11.36,Neptuno,Tierra,Saturno
be669981-ab8a-41df-8922-fef5f53bbaca,2.29,0.42,25.96,Júpiter,Neptuno,Tierra
7637d6dc-0d3a-4987-b69d-6eb02aca9d84,1.03,0.63,5.19,Marte,Urano,Saturno
dc850969-7b85-41af-9329-c443be1febf0,1.2,0.48,10.42,Neptuno,Tierra,Saturno
265e0c7e-9b4a-4135-885e-f64380d25fd9,1.56,0.5,12.48,Neptuno,Tierra,Saturno
db49bce3-b6cb-4591-8fb2-68e8719d089d,1.75,0.7,7.14,Urano,Saturno,Tierra
85858f95-08eb-47ea-ad09-6c64f9e73a43,0.87,0.42,9.86,Tierra,Saturno,Neptuno
4ceb457a-8574-43d3-ae7e-bf7b795a00c5,1.23,0.55,8.13,Urano,Saturno,Tierra
a5a30c81-57c6-491a-bf85-f30d8d1826c8,1.25,0.59,7.18,Urano,Saturno,Tierra
4533eb98-e5cb-4ca9-9ca8-408cce2697a7,2.36,0.59,13.56,Neptuno,Tierra,Saturno
38866bac-b570-4b5b-a21b-709f2349f2d0,1.4,0.41,16.66,Neptuno,Tierra,Saturno
19edf3a2-0955-468e-89a2-6d2441e29756,1.73,0.55,11.44,Neptuno,Tierra,Saturno
c0553b42-70f3-4240-8673-d7187673f2a2,1.52,0.45,15.01,Neptuno,Tierra,Saturno
55892827-38a1-491f-84e6-6beba418bfa7,1.98,0.68,8.56,Urano,Saturno,Tierra
bffc2029-3b51-4612-bee5-065e62019dae,1.41,0.66,6.47,Urano,Saturno,Marte
5ee31bcc-00c5-4dca-aa97-b0a65a49e44f,2.17,0.55,14.35,Neptuno,Tierra,Saturno
b0e96fc4-028d-4fa3-a291-7d125716be64,1.27,0.49,10.58,Neptuno,Tierra,Saturno
368300ba-98d2-4865-8fee-4e9b7554e8ea,1.07,0.46,10.11,Tierra,Neptuno,Saturno
768c3100-a549-4d27-8df1-3ec8d3b71f8b,1.06,0.42,12.02,Neptuno,Tierra,Saturno
0e65c040-7207-4b8d-9fc8-b3b7ce21213c,1.72,0.41,20.46,Júpiter,Neptuno,Tierra
bbaf4ec9-20c9-4845-8d93-1e31ab9a74c5,1.54,0.42,17.46,Neptuno,Júpiter,Tierra
bbcd9fed-241a-4f84-b436-a3532be093bf,1.65,0.58,9.81,Tierra,Saturno,Urano
6da3c6c2-84d4-4deb-ba38-fe3eba4f85c0,1.6,0.64,7.81,Urano,Saturno,Tierra
b0dd6541-30a0-4b1e-b2a3-dae9fe0e9ffc,2.16,0.62,11.24,Neptuno,Tierra,Saturno
75171458-364a-4b98-b9da-80982d4ccf04,1.78,0.55,11.77,Neptuno,Tierra,Saturno
29313bef-c8b7-46b8-8935-ab7c75bab3c6,0.83,0.66,3.81,Marte,Urano,Saturno
2ca053f1-6a79-4be7-ac33-666f7c6a832d,0.94,0.48,8.16,Urano,Saturno,Tierra
dd9c0e81-df11-407e-bd8d-1092707943af,1.52,0.53,10.82,Neptuno,Tierra,Saturno
5810fe29-99d8-4d43-964b-4b47b75990a6,0.98,0.69,4.12,Marte,Urano,Saturno
bb8b8563-3ef6-4d44-b502-b35b4c74f8ae,2.33,0.46,22.02,Júpiter,Neptuno,Tierra
f2b3040d-86a6-41f2-8902-bb7f96caf941,1.35,0.54,9.26,Saturno,Tierra,Urano
54684a96-53fc-4a3b-bc32-788b4ea66c86,2.01,0.52,14.87,Neptuno,Tierra,Saturno
2445f6e5-2328-4016-929e-682dd1e4d17e,1.65,0.42,18.71,Júpiter,Neptuno,Tierra
44be5e9b-8a96-4021-958c-de213976e6d1,1.18,0.59,6.78,Urano,Saturno,Tierra
a97dd445-b1b8-4ba9-9691-f20ded96adaa,0.83,0.42,9.41,Tierra,Saturno,Urano
9283ab10-a969-442c-a920-58350a7028ac,1.64,0.59,9.42,Tierra,Saturno,Urano
0c68233b-221d-4d17-87e7-fb8eb7485cd0,1.52,0.62,7.91,Urano,Saturno,Tierra
cba23030-e937-4a30-b8e1-3aacc05dc4b8,0.8,0.4,10.0,Tierra,Saturno,Neptuno
a3400ca0-73ab-42e9-8a37-2962947d45eb,1.03,0.63,5.19,Marte,Urano,Saturno
c252bd36-9b4a-47c4-ada9-6f74dbe090c2,2.05,0.61,11.02,Neptuno,Tierra,Saturno
351c233b-87c3-4323-bea0-56a43e0b24d7,1.71,0.62,8.9,Saturno,Urano,Tierra
d93151b8-e241-4e29-8d5c-d1f182770e9f,2.38,0.61,12.79,Neptuno,Tierra,Saturno
5d826c0b-5fc8-49b1-ba78-bdc7e3883f1e,2.28,0.57,14.04,Neptuno,Tierra,Saturno
09767aef-d90d-4ac0-a386-bbf946132c7b,0.98,0.47,8.87,Saturno,Urano,Tierra
9f3023f0-320b-43a7-b794-ddc8a2bc924c,1.34,0.4,16.75,Neptuno,Tierra,Saturno
7578aa0b-9547-4c7d-b563-3e3d8f2cf8d1,2.45,0.48,21.27,Júpiter,Neptuno,Tierra
9cb9d2aa-66c8-4522-8312-a4629180570d,1.96,0.69,8.23,Urano,Saturno,Tierra
b821fc95-9df1-4d1e-bc38-b929351587ac,0.85,0.56,5.42,Marte,Urano,Saturno
3b79cd9f-d81f-4a7d-9196-fd3699d063a4,1.07,0.5,8.56,Urano,Saturno,Tierra
e92be65e-f997-4d37-9339-77e3a4880b0b,1.46,0.6,8.11,Urano,Saturno,Tierra
ed871f14-a7f6-45da-8a78-0d6d16235211,1.74,0.42,19.73,Júpiter,Neptuno,Tierra
515d225f-7974-4276-b66a-deb41c6944b6,1.66,0.68,7.18,Urano,Saturno,Tierra
0034f8d9-7fd5-4b09-b422-899247229a37,2.24,0.54,15.36,Neptuno,Tierra,Saturno
acd9f61a-c9e2-4400-9ee4-dcd2f2f1128c,1.48,0.63,7.46,Urano,Saturno,Tierra
ce6b855c-c8cf-473b-9110-f413979dd1c0,1.66,0.69,6.97,Urano,Saturno,Tierra
8e491b12-d4bb-40eb-a725-6436dddddd12,1.57,0.59,9.02,Saturno,Urano,Tierra
52178670-04cf-489b-afc6-e613681fb4d9,1.55,0.54,10.63,Neptuno,Tierra,Saturno
01589a6e-00fa-43a8-ba51-892d2fdc74b3,1.39,0.7,5.67,Marte,Urano,Saturno
10b392f0-bffe-4a60-9c81-49d3e9ecd139,1.65,0.67,7.35,Urano,Saturno,Tierra
a93db457-a2b5-40a1-a57c-9be3a80e2e77,2.06,0.49,17.16,Neptuno,Tierra,Júpiter
4f6de1cb-2498-4022-b83f-c00371e6932e,1.0,0.53,7.12,Urano,Saturno,Tierra
ab2e0348-8148-47e5-b492-19c7d65cc11e,1.38,0.68,5.97,Marte,Urano,Saturno
7ad9abda-0be5-4a0e-91e2-6ba84b7dfd07,1.05,0.49,8.75,Urano,Saturno,Tierra
e42028ef-a025-4937-be5b-0293117e1608,1.21,0.48,10.5,Neptuno,Tierra,Saturno
99c86457-d5bd-4b33-9430-c4df4e8a1fa4,2.5,0.5,20.0,Júpiter,Neptuno,Tierra
df41372e-bb13-469d-a4d1-bdb316ccb8df,1.52,0.48,13.19,Neptuno,Tierra,Saturno
2a605ee9-fd0f-47b2-9a2e-644ee6246c59,1.13,0.45,11.16,Neptuno,Tierra,Saturno
ae7e30da-f84b-468a-8640-e09ffb42e7ad,1.64,0.59,9.42,Tierra,Saturno,Urano
c74725da-e12b-470b-b71a-3494addb45e9,2.37,0.4,29.62,Júpiter,Neptuno,Tierra
c5c35531-8c09-4faa-a811-9df0486e2c14,1.15,0.43,12.44,Neptuno,Tierra,Saturno
78ddd9dd-96a1-4e79-9f5b-5ff3aa9a09a4,2.37,0.49,19.74,Júpiter,Neptuno,Tierra
e6a0dd78-7720-40ff-911d-34c304d3145e,1.64,0.68,7.09,Urano,Saturno,Tierra
c02e362d-adf4-441e-822e-5e8cae09931b,1.33,0.56,8.48,Urano,Saturno,Tierra
adffa702-19f3-4ca8-b8d4-e99787409580,1.7,0.64,8.3,Urano,Saturno,Tierra
8b448394-c241-4e3a-b486-38e664a60cdb,1.9,0.43,20.55,Júpiter,Neptuno,Tierra
44139bfb-c34f-4d38-979c-a29d5769b2dc,1.72,0.43,18.6,Júpiter,Neptuno,Tierra
e8b8c35c-0692-42c9-8047-45cfccce283e,2.15,0.44,22.21,Júpiter,Neptuno,Tierra
43dd8caf-9078-4505-9cfc-ca3ade8aa358,2.49,0.43,26.93,Júpiter,Neptuno,Tierra
cc2a90cf-0e06-4af1-b045-5414b054019f,1.55,0.61,8.33,Urano,Saturno,Tierra
c235c7b3-adfd-48b1-b436-c862191dd979,0.8,0.51,6.15,Marte,Urano,Saturno
e47b0cf7-6437-4220-ae77-0e8c74555a09,1.45,0.43,15.68,Neptuno,Tierra,Saturno
0b34c3f9-a87a-4e6b-81c9-989b3f2435fe,2.46,0.61,13.22,Neptuno,Tierra,Saturno
f7157522-1c53-4e30-9334-6cd6f3c91cd7,1.05,0.46,9.92,Tierra,Saturno,Neptuno
859d8e0c-edd9-4154-9868-94d272615c94,2.49,0.61,13.38,Neptuno,Tierra,Saturno
e7fdd819-6228-4d74-ad7d-0e3264b4fa13,2.36,0.64,11.52,Neptuno,Tierra,Saturno
8de8894a-11fd-4b03-86c3-c3f8c9f12b08,1.05,0.44,10.85,Neptuno,Tierra,Saturno
5b2e653f-694b-4f99-8310-a8c4e6325d34,1.81,0.62,9.42,Tierra,Saturno,Urano
248a9d3c-8fee-415e-b863-3c6ca7ab3199,1.25,0.68,5.41,Marte,Urano,Saturno
9fc40be4-58e8-47c2-b2a1-767ca580374b,1.25,0.57,7.69,Urano,Saturno,Tierra
01a4a617-05ed-4c9f-b1bf-ec85b75887b1,0.98,0.66,4.5,Marte,Urano,Saturno
fe7616cf-18a4-4340-9e98-777b6fd1fcb5,2.22,0.58,13.2,Neptuno,Tierra,Saturno
e5501c01-cf98-4026-bd8e-0285a2b7afcd,0.81,0.53,5.77,Marte,Urano,Saturno
4741e7e2-50d3-48c6-b356-048621dd8785,1.19,0.49,9.91,Tierra,Saturno,Neptuno
a3c6f39e-a534-42a8-8e85-6785a031fe39,2.49,0.69,10.46,Neptuno,Tierra,Saturno
bdca9f0d-b51c-43f4-8ff9-2eb2df9b3cd5,1.54,0.51,11.84,Neptuno,Tierra,Saturno
19f8f1d2-5447-4ea3-8427-8e7639037265,1.62,0.59,9.31,Saturno,Tierra,Urano
57b5ed9c-2f1e-4805-aa88-c585f9ad445f,2.39,0.61,12.85,Neptuno,Tierra,Saturno
0affcff9-1f39-4d09-940c-df1208027c90,1.88,0.46,17.77,Neptuno,Júpiter,Tierra
d5f9868f-4f33-448d-aefe-ed5d867444e4,1.42,0.44,14.67,Neptuno,Tierra,Saturno
0b2e3b37-a9b2-4be8-8630-b11eb9ab28c8,1.72,0.57,10.59,Neptuno,Tierra,Saturno
d28d3e9d-849c-4912-b5dc-6b607750e098,1.01,0.7,4.12,Marte,Urano,Saturno
f28be4eb-edb1-4976-bf5c-d0e7c45136d5,1.93,0.48,16.75,Neptuno,Tierra,Saturno
4ce17b9c-91a4-4357-8a0f-e39c6904c99d,2.05,0.44,21.18,Júpiter,Neptuno,Tierra
e5526c93-7128-4e75-b4db-789fa41f4aea,1.3,0.58,7.73,Urano,Saturno,Tierra
7672a280-d3e0-4e50-8147-d1016ba81821,1.71,0.63,8.62,Urano,Saturno,Tierra
91a5aa40-3f27-430c-8186-007b16a2cbf2,1.94,0.55,12.83,Neptuno,Tierra,Saturno
1e33583a-a5e0-4a83-9d7b-68d12f6f51d7,0.88,0.5,7.04,Urano,Saturno,Tierra
b81a5595-9a67-434d-b835-2898238843bc,1.63,0.63,8.21,Urano,Saturno,Tierra
6d8bca61-7b9b-4dc3-9e7a-ce084355cc67,1.56,0.69,6.55,Urano,Saturno,Marte
6f5af26c-03a6-4ea6-8799-fec28c140096,1.93,0.47,17.47,Neptuno,Júpiter,Tierra
889fbeb9-5554-4b34-a0f8-3bc4aa85e836,2.19,0.68,9.47,Tierra,Saturno,Urano
cf1e114f-8a45-4a12-b787-36770ff9a1f2,1.03,0.65,4.88,Marte,Urano,Saturno
95f4431c-751f-4883-a71f-ccd21c5b97c4,1.97,0.56,12.56,Neptuno,Tierra,Saturno
cd04c91d-b962-4763-94a6-4f14eea8632a,2.31,0.63,11.64,Neptuno,Tierra,Saturno
4f19e95e-b0fd-423a-b5a3-82c7cf3f8fb8,1.74,0.58,10.34,Tierra,Neptuno,Saturno
1651154b-3ae6-41dd-8b46-76dc18445275,1.2,0.54,8.23,Urano,Saturno,Tierra
454ed499-c39f-4aca-8a29-e2feb83e85f9,2.28,0.63,11.49,Neptuno,Tierra,Saturno
e26cd506-0cf9-4fac-b1aa-a33835741dae,1.26,0.65,5.96,Marte,Urano,Saturno
8a13ee3f-0b93-4623-8ec6-ad7e7eb29903,2.06,0.69,8.65,Urano,Saturno,Tierra
52d6dc7f-0ad4-4a58-9e2c-5d9dcc653093,1.18,0.65,5.59,Marte,Urano,Saturno
de97e2a3-8c8a-4063-9090-4940e87ad7d7,1.89,0.62,9.83,Tierra,Saturno,Urano
37bd5aaf-604b-4d1a-9581-cfc35513c64f,1.52,0.42,17.23,Neptuno,Tierra,Júpiter
90ae04f5-11b2-4789-942f-a75ba30ed1a2,1.77,0.62,9.21,Saturno,Urano,Tierra
634ac233-10e7-4ecd-b296-8968e30c7c0a,2.06,0.45,20.35,Júpiter,Neptuno,Tierra
09b51f39-1277-4973-b708-836e23dd4853,1.73,0.66,7.94,Urano,Saturno,Tierra
6e5db2ad-8a4d-4f72-b28e-14d48d306e2c,1.16,0.57,7.14,Urano,Saturno,Tierra
ab2c8618-8723-4fd6-9cf4-fcc1308ffd9f,2.06,0.67,9.18,Saturno,Urano,Tierra
469bd5c9-b4ff-4dcf-afef-08bc2ad462a2,2.28,0.43,24.66,Júpiter,Neptuno,Tierra
326903cf-26c1-43fe-85c9-f91d47af302f,0.89,0.55,5.88,Marte,Urano,Saturno
c5523111-d7c0-4e7d-ac79-70298f472a2f,1.61,0.47,14.58,Neptuno,Tierra,Saturno
421da4ac-18d9-40f9-bcbd-d660b53e492f,2.38,0.48,20.66,Júpiter,Neptuno,Tierra
5b77a09e-59d0-4b53-a134-5898672c4ea3,1.48,0.42,16.78,Neptuno,Tierra,Saturno
36783d81-801b-406a-a927-fb0d9d26c3b7,1.9,0.65,8.99,Saturno,Urano,Tierra
937e04db-1372-4c6e-a6f3-e619a5df6d91,2.18,0.51,16.76,Neptuno,Tierra,Saturno
c4de970b-4da6-4c40-80eb-23da9ee6a010,2.2,0.65,10.41,Neptuno,Tierra,Saturno
93559975-daf9-4f16-8bef-9c16fedf58ff,1.26,0.67,5.61,Marte,Urano,Saturno
ddfd4a60-2d0b-4fd7-8d48-a73d96702290,2.48,0.67,11.05,Neptuno,Tierra,Saturno
f61b8d68-75c5-45b9-9df3-ae08a644153c,1.39,0.68,6.01,Marte,Urano,Saturno
051296e2-8bb5-4c5f-9c27-27dd186bd063,2.32,0.5,18.56,Júpiter,Neptuno,Tierra
7b3897fd-5b0f-4baf-bb05-562d339c60d1,2.2,0.51,16.92,Neptuno,Tierra,Júpiter
d3abbf09-47a5-4fc3-8788-ac94d50c4728,2.39,0.57,14.71,Neptuno,Tierra,Saturno
500a0fc0-fe19-406f-8a57-92f6f119b99c,1.85,0.59,10.63,Neptuno,Tierra,Saturno
04e0f1e6-b982-44be-a443-71c0287f5cce,1.55,0.43,16.77,Neptuno,Tierra,Saturno
1afe8358-cee8-42a5-81d5-cbc4008db119,1.3,0.43,14.06,Neptuno,Tierra,Saturno
16ce3ba6-2e1d-400b-a753-a3d934b4d5d1,1.78,0.53,12.67,Neptuno,Tierra,Saturno
0aca3ba5-6611-43e5-af26-09eb5d573c49,1.3,0.57,8.0,Urano,Saturno,Tierra
d9e83cb6-6ddf-4ea9-a472-ce86b1abcc7a,1.29,0.45,12.74,Neptuno,Tierra,Saturno
0ee66693-da0d-45f9-aa88-cb9bcbc4e841,1.93,0.59,11.09,Neptuno,Tierra,Saturno
fca824c6-bfb8-4731-8ff6-32f1a0021dc4,1.09,0.66,5.0,Marte,Urano,Saturno
9668e04f-7f26-4e57-9d83-57ca1c93c733,1.02,0.68,4.41,Marte,Urano,Saturno
633d5edf-eb76-4849-a450-ba6ed4900ae0,2.46,0.44,25.41,Júpiter,Neptuno,Tierra
1c548845-af0f-4daf-a131-8779e27c9a18,2.45,0.61,13.17,Neptuno,Tierra,Saturno
808609a0-fe73-4c9c-98b5-1b47067cc9ae,1.3,0.43,14.06,Neptuno,Tierra,Saturno
0e13e2b2-a6bb-437f-9856-8e71cadafd7f,1.73,0.65,8.19,Urano,Saturno,Tierra
6dbd0b2b-bfe1-4059-b5a6-534cc75a0e48,2.49,0.6,13.83,Neptuno,Tierra,Saturno
df7ee2d9-7308-40ef-8b97-1f480ad8e331,1.62,0.53,11.53,Neptuno,Tierra,Saturno
05c38bb7-3b84-4115-9bac-e4a33b255c03,2.09,0.69,8.78,Urano,Saturno,Tierra
5b46c242-eb85-4a9a-a7de-691ca74dd193,1.2,0.55,7.93,Urano,Saturno,Tierra
9371fdb2-f336-456c-9109-ee35efc8f5c0,1.72,0.61,9.24,Saturno,Urano,Tierra
54c5106a-5b36-4404-a5a2-65380c8b2239,1.52,0.46,14.37,Neptuno,Tierra,Saturno
358d6c1c-e44a-4328-b6e3-80fdc1decfbd,1.79,0.43,19.36,Júpiter,Neptuno,Tierra
8002b58e-367f-4e92-a9e8-e14a2f92737f,1.93,0.41,22.96,Júpiter,Neptuno,Tierra
5024458c-c370-448f-97ce-ffde855bf35f,1.87,0.68,8.09,Urano,Saturno,Tierra
a8e2d768-8a49-434d-bd33-14706bd51e08,2.33,0.45,23.01,Júpiter,Neptuno,Tierra
6ea79c8c-dd63-467f-a056-0b7400fcc9dc,1.28,0.5,10.24,Tierra,Neptuno,Saturno
14cadb20-0a95-4bcc-922d-94ca20d066b8,2.02,0.43,21.85,Júpiter,Neptuno,Tierra
c3022d09-dba0-4cd4-8f67-c755c412766c,0.83,0.42,9.41,Tierra,Saturno,Urano
583f0e1c-88e2-4543-b73d-884ac8259a1c,1.36,0.6,7.56,Urano,Saturno,Tierra
9857f5d7-ebf4-4d57-a09b-d29b883ffbdb,1.66,0.48,14.41,Neptuno,Tierra,Saturno
7cc1cca7-9e2b-4e09-bd8d-19b5091503f0,2.16,0.59,12.41,Neptuno,Tierra,Saturno
4b9997f6-c012-4d7a-9d0e-06d207b78ee3,2.23,0.44,23.04,Júpiter,Neptuno,Tierra
b3d2b049-7def-4ed9-8de9-07420812786a,1.78,0.62,9.26,Saturno,Tierra,Urano
425e5937-f140-40f0-a13d-5de202fc76a0,1.44,0.41,17.13,Neptuno,Tierra,Júpiter
04f308b5-0656-431b-b6c7-61bd214cb697,1.16,0.51,8.92,Saturno,Urano,Tierra
f100cbfc-3bd7-48b0-9650-0e7ca2f2a17d,1.36,0.5,10.88,Neptuno,Tierra,Saturno
4e6a17c1-89a2-4e36-8e21-d5c93f1bf26b,1.47,0.59,8.45,Urano,Saturno,Tierra
386e0bf8-12d9-44ed-8ac5-cfa71f728e20,1.04,0.65,4.92,Marte,Urano,Saturno
c65d96bc-478b-4ca2-bee0-6a7191fbc6fc,1.32,0.63,6.65,Urano,Saturno,Marte
a46368cf-61a6-497c-8bd1-a15a140646b3,1.76,0.57,10.83,Neptuno,Tierra,Saturno
b8c73d13-629f-4142-a9af-77950b49b6ab,1.99,0.53,14.17,Neptuno,Tierra,Saturno
01923f94-3a56-45ba-a8b5-2e15503f2a7c,2.06,0.57,12.68,Neptuno,Tierra,Saturno
d865cdeb-6145-4514-bbb9-fc0a97a4239d,1.7,0.69,7.14,Urano,Saturno,Tierra
fd852d45-caa4-46f6-9075-95003d5dd151,1.62,0.55,10.71,Neptuno,Tierra,Saturno
0456ebba-3791-4444-b178-6054c88bef2f,1.75,0.63,8.82,Urano,Saturno,Tierra
1dcb1faf-f0b0-4515-a383-ad83f975bf30,2.1,0.46,19.85,Júpiter,Neptuno,Tierra
5dfc6c38-aeb9-4432-81a1-fa531bb6854f,1.28,0.56,8.16,Urano,Saturno,Tierra
efa609de-5b3e-47d3-a2f0-ba95ec0f596b,1.21,0.47,10.96,Neptuno,Tierra,Saturno
62bf5c84-e295-4701-9fbb-aa0a085d915b,1.48,0.43,16.01,Neptuno,Tierra,Saturno
26816d51-c5c5-4081-967b-d1d7a3917ef4,1.14,0.6,6.33,Urano,Marte,Saturno
49d50c34-b688-4767-aa76-3ffa210c316f,1.1,0.54,7.54,Urano,Saturno,Tierra
02d89e07-4cbe-48a6-adff-31eec8ab4e1b,1.62,0.47,14.67,Neptuno,Tierra,Saturno
b3b4e6ed-7c01-42e4-8875-8f8f1be9fc2d,1.44,0.52,10.65,Neptuno,Tierra,Saturno
12982574-cd71-46ac-9c4c-1d3af46c8644,1.19,0.46,11.25,Neptuno,Tierra,Saturno
7f5fae00-5907-4b7b-b7a2-614a7f0d1ce6,1.74,0.66,7.99,Urano,Saturno,Tierra
d2686837-0d20-48d7-95da-d27ff79ca5ed,1.96,0.69,8.23,Urano,Saturno,Tierra
cd06bf9d-7d7e-43e1-9672-236c93ae93b0,0.97,0.61,5.21,Marte,Urano,Saturno
48f5f7d7-d82e-404f-a0bd-65a302d9c895,1.67,0.68,7.22,Urano,Saturno,Tierra
c5771f30-2589-4932-9d06-d33e526fc93e,1.19,0.55,7.87,Urano,Saturno,Tierra
c30e7064-ce09-4d35-a428-144bac5f8698,1.63,0.67,7.26,Urano,Saturno,Tierra
790e3f81-242a-4c44-a9e1-836e5d2c7217,1.99,0.49,16.58,Neptuno,Tierra,Saturno
3ec32b08-946b-4fe3-a666-a6543ca97084,1.95,0.62,10.15,Tierra,Neptuno,Saturno
5a01a823-5e4f-476c-9515-2b5f457b5ba1,2.3,0.52,17.01,Neptuno,Tierra,Júpiter
4ab4fac0-9600-421c-aefc-86df28e99e82,2.35,0.43,25.42,Júpiter,Neptuno,Tierra
7d08931a-04ed-47f9-b64d-cdfc0e8843a2,1.97,0.58,11.71,Neptuno,Tierra,Saturno
05c1d8a9-b97a-4a94-9f6b-1b54bcadfe7b,1.25,0.48,10.85,Neptuno,Tierra,Saturno
b6360216-a51d-4ce8-b8a7-43df69f406ee,1.97,0.43,21.31,Júpiter,Neptuno,Tierra
6f85ecf3-9fa9-480c-9889-0d2677d91665,1.33,0.63,6.7,Urano,Saturno,Marte
c7b55e1c-2d0c-431e-a831-4b0488035c24,2.27,0.52,16.79,Neptuno,Tierra,Saturno
220a5bab-dc41-412a-80e0-692a7c6b1bab,1.34,0.55,8.86,Saturno,Urano,Tierra
a4e2e06b-f4d1-4323-a781-28956632dcda,1.58,0.48,13.72,Neptuno,Tierra,Saturno
93080267-29ff-41aa-96d3-e8a8b2241c4f,1.23,0.45,12.15,Neptuno,Tierra,Saturno
ef0838aa-5d34-4e00-a515-bd46d3dc6ca4,2.44,0.45,24.1,Júpiter,Neptuno,Tierra
88d81e5e-29f0-4b40-ae62-1e285829c09f,0.84,0.62,4.37,Marte,Urano,Saturno
b5c9f013-5541-4e8b-9d04-b4fe191f8eda,1.2,0.69,5.04,Marte,Urano,Saturno
7042cd18-741d-42b3-b438-773330770a06,1.14,0.41,13.56,Neptuno,Tierra,Saturno
7018da3f-fe56-48be-93d8-551869a2ac41,1.35,0.49,11.25,Neptuno,Tierra,Saturno
4c7f4398-06d8-4cac-98ee-b439d4995a39,2.48,0.7,10.12,Tierra,Neptuno,Saturno
c5b51f53-e06f-482c-b21c-45ef924a8366,1.33,0.7,5.43,Marte,Urano,Saturno
9631cb6e-f0d8-4f47-b9c2-4cc6a0204599,2.01,0.49,16.74,Neptuno,Tierra,Saturno
b1c4fa46-9a5d-4621-b707-f48da3efe85d,2.23,0.7,9.1,Saturno,Urano,Tierra
b8b9e07b-640f-4c01-8b17-447d1d7f284a,1.93,0.68,8.35,Urano,Saturno,Tierra
c079d533-0c72-49c6-865c-60dc8ee82e11,2.45,0.58,14.57,Neptuno,Tierra,Saturno
a983a9bf-0ffe-4b95-9a23-5a907e8387c3,1.15,0.56,7.33,Urano,Saturno,Tierra
06371b17-d631-41ee-89b4-ed546126dd82,1.8,0.58,10.7,Neptuno,Tierra,Saturno
cf4c0189-ed44-4987-8df5-1be693e9241f,2.02,0.54,13.85,Neptuno,Tierra,Saturno
32985c12-fa3e-4f2d-b5c2-a48ef411840a,1.36,0.48,11.81,Neptuno,Tierra,Saturno
8689a9d0-f8e7-46db-98c2-ab52a13c4682,1.63,0.61,8.76,Urano,Saturno,Tierra
7f8768ca-805a-4627-86ed-579e18267393,1.33,0.43,14.39,Neptuno,Tierra,Saturno
efe7d687-520c-42ad-bbc0-f56a18350cf6,1.1,0.45,10.86,Neptuno,Tierra,Saturno
927c396b-3581-4af7-9489-8ca168177cf9,0.87,0.47,7.88,Urano,Saturno,Tierra
c9b0fce7-7068-4471-9d93-9776d76502f6,1.6,0.51,12.3,Neptuno,Tierra,Saturno
d67871bc-7159-461c-a1aa-b81a37f21929,1.29,0.68,5.58,Marte,Urano,Saturno
177c2f97-f1df-4d5c-87fd-001edeef2e95,2.14,0.5,17.12,Neptuno,Tierra,Júpiter
da347703-06ae-4e64-bfa9-3bfc72073b1c,0.87,0.65,4.12,Marte,Urano,Saturno
9368103e-96c9-423b-9a91-3615525e3955,0.92,0.44,9.5,Tierra,Saturno,Urano
a9e9adc4-3f0c-480b-8911-633691bc79ff,2.14,0.61,11.5,Neptuno,Tierra,Saturno
01f20ed4-17cd-412c-b517-3076c908b974,2.35,0.69,9.87,Tierra,Saturno,Neptuno
f25983b0-7535-4f27-a0ee-1c6e0c5beb1a,2.3,0.41,27.36,Júpiter,Neptuno,Tierra
bbeb84b3-1703-46c8-82d7-68620f65c9f0,2.19,0.63,11.04,Neptuno,Tierra,Saturno
46acf0b9-1a31-4bdd-a90a-e38c3f59ffaf,1.38,0.65,6.53,Urano,Saturno,Marte
228a5875-06e9-4266-915f-1fc153df930b,2.24,0.6,12.44,Neptuno,Tierra,Saturno
1f9c4f50-0019-41c3-8749-62557dcdb67d,1.88,0.53,13.39,Neptuno,Tierra,Saturno
b20cfe12-6f59-4122-8743-0920b39c6795,1.31,0.43,14.17,Neptuno,Tierra,Saturno
9ac79228-3a0e-433b-a5df-cd30b8dbd56c,2.34,0.43,25.31,Júpiter,Neptuno,Tierra
17d9ea5c-0ddd-415f-bbcd-55ab0bc4377f,1.57,0.51,12.07,Neptuno,Tierra,Saturno
36ccb77f-623e-42c1-8faf-b0a012f3c549,1.55,0.67,6.91,Urano,Saturno,Tierra
3650ea15-4420-4f60-bc65-9261a60701c8,1.18,0.68,5.1,Marte,Urano,Saturno
5bc68216-426d-49c0-a5fd-3e5fe9c36792,1.6,0.68,6.92,Urano,Saturno,Tierra
08ceaa7f-24f7-41ed-a929-101ebd975757,2.43,0.47,22.0,Júpiter,Neptuno,Tierra
7716f7b9-5407-45ed-917f-6054ea1783be,1.95,0.64,9.52,Tierra,Saturno,Urano
369602fd-304f-483b-af70-48360e559891,2.22,0.61,11.93,Neptuno,Tierra,Saturno
cdf0e174-a19d-461c-b342-035f583e5379,1.3,0.57,8.0,Urano,Saturno,Tierra
0f76d0b6-74fa-419a-b98e-cef5725d1434,1.91,0.6,10.61,Neptuno,Tierra,Saturno
35599e0f-2371-4a15-ae56-2c3bde952b61,1.2,0.62,6.24,Urano,Marte,Saturno
1ee5d4ae-7510-43d8-9e1f-a97e5bb9a960,1.45,0.41,17.25,Neptuno,Tierra,Júpiter
80b76ad7-772e-4c92-96d6-a78927f3b53d,2.19,0.62,11.39,Neptuno,Tierra,Saturno
0c3e7a48-e998-4672-aa7b-2e8ad04a83cf,1.86,0.67,8.29,Urano,Saturno,Tierra
676b9a82-5b2c-4e17-abff-2d8b99f69a28,0.89,0.43,9.63,Tierra,Saturno,Urano
5a576a9b-5dcd-41cb-aac0-745038686806,2.44,0.47,22.09,Júpiter,Neptuno,Tierra
a03c79aa-7873-481b-9756-abdf3db685d0,1.24,0.41,14.75,Neptuno,Tierra,Saturno
97955251-3e9e-4971-8588-7fbd07c5a07f,2.42,0.6,13.44,Neptuno,Tierra,Saturno
bbd89e63-ca21-4405-94c5-8390b36c2cd8,0.94,0.43,10.17,Tierra,Neptuno,Saturno
a4d587c0-9ac0-4b70-a41e-a4dc8ce198c9,1.23,0.47,11.14,Neptuno,Tierra,Saturno
457078e8-22e9-43e8-a337-48c1d3be89e1,2.47,0.54,16.94,Neptuno,Tierra,Júpiter
050550f9-bf07-4d38-92ff-5179e45c9c1d,0.87,0.7,3.55,Marte,Urano,Saturno
30252dd4-d5fe-4b42-9a61-8e456c8019e9,2.13,0.69,8.95,Saturno,Urano,Tierra
10663190-737a-4e42-b4d6-111b5a8952aa,1.07,0.54,7.34,Urano,Saturno,Tierra
1725a173-50a8-4682-aebf-bcfb9fe73aae,1.37,0.61,7.36,Urano,Saturno,Tierra
ae5ff142-66f2-41a4-a29d-4741dba8c86a,2.21,0.66,10.15,Tierra,Neptuno,Saturno
7e7774fb-85fa-4071-b508-a96a53b60103,2.25,0.49,18.74,Júpiter,Neptuno,Tierra
8fd3c394-5c43-433d-bf8b-ef324f81fb01,1.38,0.43,14.93,Neptuno,Tierra,Saturno
43628e8a-8890-4bca-8df5-9a7b19127f3f,1.24,0.52,9.17,Saturno,Urano,Tierra
3bd8a019-687f-4e43-843a-02730cf1bfe8,0.84,0.42,9.52,Tierra,Saturno,Urano
bedac2d5-805e-431e-bd65-0dc39f4243b2,2.46,0.61,13.22,Neptuno,Tierra,Saturno
a662a54c-fef5-4e57-a55f-6ac338b401e2,1.84,0.68,7.96,Urano,Saturno,Tierra
e140de52-180f-494d-ba91-f0e3f01c8b73,1.3,0.63,6.55,Urano,Saturno,Marte
3a817db9-a976-4769-8c37-d71294c37e87,1.96,0.54,13.44,Neptuno,Tierra,Saturno
e9c5332a-de7f-426a-8d25-e1869e1a51e6,1.71,0.63,8.62,Urano,Saturno,Tierra
013daa08-224c-4d18-b60a-6fea6fe7879a,1.4,0.41,16.66,Neptuno,Tierra,Saturno
65e955e3-83bc-4600-bd85-da387be94144,2.47,0.57,15.2,Neptuno,Tierra,Saturno
90fc8f23-d47d-4166-826e-9ec74a23a3e7,1.58,0.42,17.91,Júpiter,Neptuno,Tierra
3e4cf60a-0304-4a86-9450-69727a650ff9,1.37,0.57,8.43,Urano,Saturno,Tierra
4486bb6e-c9d7-4521-8bff-1c9b58286243,1.6,0.43,17.31,Neptuno,Júpiter,Tierra
72d75d84-46b2-4760-a924-fed35ae463b8,1.14,0.42,12.93,Neptuno,Tierra,Saturno
4cf635f0-2133-48c4-9969-8ccc5afd4824,2.29,0.51,17.61,Neptuno,Júpiter,Tierra
6318540a-d5df-496b-9bcf-cc5b1024f281,2.45,0.42,27.78,Júpiter,Neptuno,Tierra
9eeb6321-439d-4a8f-8613-09fdd9bc2a8b,1.58,0.62,8.22,Urano,Saturno,Tierra
433b9ead-37f3-4896-8d7c-c12e663c8cb7,1.66,0.53,11.82,Neptuno,Tierra,Saturno
51e196a5-d211-4d69-a2e5-03c5ca801b72,1.57,0.42,17.8,Neptuno,Júpiter,Tierra
216bf11a-7bdd-40f4-870f-1d78c117a736,1.53,0.64,7.47,Urano,Saturno,Tierra
713e0760-dc69-4dc3-97ff-85e49b64fb3f,2.08,0.6,11.56,Neptuno,Tierra,Saturno
9512ef1b-0c47-446c-a310-bed0baede03c,0.98,0.56,6.25,Urano,Marte,Saturno
570189e0-12cf-4d0b-ab3c-620dfcc41db4,2.31,0.67,10.29,Tierra,Neptuno,Saturno
49c22d00-13b1-4efa-869a-64544241b419,0.88,0.65,4.17,Marte,Urano,Saturno
76633963-ba96-4699-bca1-c69b0fd74783,2.43,0.48,21.09,Júpiter,Neptuno,Tierra
bd000b85-2509-4b52-b980-9797387efbbe,2.2,0.51,16.92,Neptuno,Tierra,Júpiter
2c90effc-ac2c-4261-9006-b38c993e29f3,2.05,0.48,17.8,Neptuno,Júpiter,Tierra
c8d9f159-f775-406b-ad68-2a7b4d8ce804,1.32,0.4,16.5,Neptuno,Tierra,Saturno
9fb6f882-cca1-4670-9217-15affe592130,2.05,0.41,24.39,Júpiter,Neptuno,Tierra
298ea047-6c25-47e2-ab68-bd615dbfbe07,1.23,0.69,5.17,Marte,Urano,Saturno
1ee0e2b8-35a8-46f0-941b-c478325af1de,1.55,0.45,15.31,Neptuno,Tierra,Saturno
d29a015b-57f4-4655-b1c7-2329859e5bae,2.35,0.64,11.47,Neptuno,Tierra,Saturno
ef7c8787-6e9c-4044-b82c-e32a2252ac92,1.97,0.56,12.56,Neptuno,Tierra,Saturno
f5ecde32-216c-4086-8b62-b18da49a4dcb,1.25,0.53,8.9,Saturno,Urano,Tierra
5fac7f5b-9ba1-46f9-b561-48e54818a1e9,0.9,0.47,8.15,Urano,Saturno,Tierra
f76cea02-0170-4af3-8d3e-2399dc9f58ef,2.38,0.48,20.66,Júpiter,Neptuno,Tierra
8ab53c63-579c-4893-bc39-83a846ac85d4,1.6,0.68,6.92,Urano,Saturno,Tierra
67b9c189-8692-4d54-a569-1f4412d7fd85,1.37,0.55,9.06,Saturno,Urano,Tierra
e9aa056d-8b8e-4122-848b-2b900ac50642,1.94,0.52,14.35,Neptuno,Tierra,Saturno
